project_id,council_id,council_fk_flag,council_name,region_name,project_type,project_name,start_date,planned_end_date,derived_planned_end_date,actual_end_date,derived_actual_end_date,budget_GBP,actual_cost_GBP,cost_variance_GBP,planned_duration_months,actual_duration_months,delay_months,status,status_duration_flag,primary_delay_reason,contractor,consultant,pct_complete,pct_complete_flag
PRJ-001,LA025,Valid,Colchester Borough Council,East of England,Housing Development,Colchester Housing Development 2022,2022-03-11,2024-06-28,2024-06-11,NULL,2025-08-11,84861000.00,99448000.00,14587000.00,27,41,14,Ongoing,Valid,Weather disruption,Skanska UK,AECOM,99,Valid
PRJ-002,LA136,Valid,East Riding of Yorkshire Council,Yorkshire and The Humber,Solar Farm,East Solar Farm 2020,2020-07-14,2024-08-03,2024-08-14,2025-08-19,2024-08-14,86312000.00,119600000.00,33288000.00,49,49,0,Completed,Valid,NULL,Seddon,WSP,NULL,Unknown
PRJ-003,LA033,Valid,City of London Corporation,London,Road Widening,City Road Widening 2020,2020-12-06,2024-07-04,2025-07-06,NULL,2026-11-06,42508000.00,54590000.00,12082000.00,55,71,16,Ongoing,Valid,Supply chain delays,Mulalley,Arcadis,NULL,Unknown
PRJ-004,LA080,Valid,Reading Borough Council,South East,School Rebuild,Reading School Rebuild 2023,2023-11-23,2025-05-12,2026-12-23,NULL,2027-11-23,39865000.00,45369000.00,5504000.00,37,48,11,Delayed,Valid,Design changes,Skanska UK,WSP,35,Valid
PRJ-005,LA063,Valid,Salford City Council,North West,Digital Broadband Rollout,Salford Digital Broadband Rollout 2020,2020-01-04,2021-07-15,2021-07-04,NULL,2023-05-04,36044000.00,46022000.00,9978000.00,18,40,22,Delayed,Valid,Funding shortfall,Robertson Group,Mott MacDonald,34,Valid
PRJ-006,LA091,Valid,Worthing Borough Council,South East,Digital Broadband Rollout,Worthing Digital Broadband Rollout 2023,2023-12-24,2025-10-18,2028-10-24,NULL,2029-01-24,13061000.00,NULL,NULL,58,61,3,Planning,Invalid - Actual Duration in Planning,Funding shortfall,Bowmer + Kirkland,Mott MacDonald,6,Valid
PRJ-007,LA016,Valid,Gedling Borough Council,East Midlands,Cycle Lane,Gedling Cycle Lane 2022,2022-12-09,2024-11-20,2025-11-09,NULL,2026-08-09,40915000.00,56376000.00,15461000.00,35,44,9,Delayed,Valid,Scope change,Seddon,Turner & Townsend,66,Valid
PRJ-008,LA043,Valid,London Borough of Brent,London,Bridge Repair,London Bridge Repair 2020,2020-05-10,2024-05-05,2024-05-10,NULL,2024-06-10,85829000.00,NULL,NULL,48,49,1,Planning,Invalid - Actual Duration in Planning,Contractor issues,Costain,Capita,4,Valid
PRJ-009,LA051,Valid,Gateshead Metropolitan Borough Council,North East,Solar Farm,Gateshead Solar Farm 2019,2019-06-25,2023-06-22,2023-06-25,2024-06-21,2023-06-25,37519000.00,49571000.00,12052000.00,48,48,0,Completed,Valid,NULL,Wates Group,Mott MacDonald,100,Valid
PRJ-010,LA056,Valid,Stockton-on-Tees Borough Council,North East,Flood Defence,Stockton-on-Tees Flood Defence 2021,2021-07-14,2025-06-13,2026-06-14,NULL,2027-03-14,54095000.00,54639000.00,544000.00,59,68,9,Delayed,Valid,Land acquisition,Wates Group,Arup,16,Valid
PRJ-011,LA073,Valid,Blackpool Borough Council,North West,Waste Processing Plant,Blackpool Waste Processing Plant 2020,2020-02-01,2024-05-21,2024-05-01,NULL,2025-05-01,88648000.00,115814000.00,27166000.00,51,63,12,Delayed,Valid,Contractor issues,Mace Group,Atkins,39,Valid
PRJ-012,LA040,Valid,London Borough of Lambeth,London,Park Regeneration,London Park Regeneration 2020,2020-11-05,2023-11-22,2023-11-05,NULL,2024-05-05,41069000.00,NULL,NULL,36,42,6,Planning,Invalid - Actual Duration in Planning,Weather disruption,Robertson Group,Stantec,15,Valid
PRJ-013,LA067,Valid,Tameside Metropolitan Borough Council,North West,Digital Broadband Rollout,Tameside Digital Broadband Rollout 2020,2020-01-03,2024-03-10,2024-03-03,2025-03-12,2024-03-03,4678000.00,7032000.00,2354000.00,50,50,0,Completed,Valid,NULL,Galliford Try,Turner & Townsend,100,Valid
PRJ-014,LA103,Valid,Torbay Council,South West,Flood Defence,Torbay Flood Defence 2018,2018-07-23,2022-10-27,2022-10-23,NULL,2023-09-23,29850000.00,44263000.00,14413000.00,51,62,11,Delayed,Valid,Scope change,Bowmer + Kirkland,Mott MacDonald,61,Valid
PRJ-015,LA080,Valid,Reading Borough Council,South East,Housing Development,Reading Housing Development 2018,2018-07-21,2021-10-02,2021-10-21,NULL,2021-11-21,45977000.00,NULL,NULL,39,40,1,Planning,Invalid - Actual Duration in Planning,Land acquisition,Laing O'Rourke,Arup,5,Valid
PRJ-016,LA043,Valid,London Borough of Brent,London,Bridge Repair,London Bridge Repair 2021,2021-03-02,2022-02-19,2023-02-02,NULL,2023-05-02,74691000.00,NULL,NULL,23,26,3,Planning,Invalid - Actual Duration in Planning,Design changes,Robertson Group,Capita,13,Valid
PRJ-017,LA090,Valid,Hastings Borough Council,South East,Cycle Lane,Hastings Cycle Lane 2019,2019-04-06,2022-10-18,2022-10-06,NULL,2023-02-06,79594000.00,NULL,NULL,42,46,4,Planning,Invalid - Actual Duration in Planning,Scope change,Morgan Sindall,Atkins,8,Valid
PRJ-018,LA096,Valid,Gloucester City Council,South West,School Rebuild,Gloucester School Rebuild 2022,2022-09-21,2025-03-06,2026-03-21,NULL,2026-08-21,82550000.00,NULL,NULL,42,47,5,Planning,Invalid - Actual Duration in Planning,Land acquisition,Skanska UK,Jacobs,14,Valid
PRJ-019,LA065,Valid,Rochdale Metropolitan Borough Council,North West,Digital Broadband Rollout,Rochdale Digital Broadband Rollout 2020,2020-08-26,2021-10-07,2022-07-26,NULL,2023-07-26,21012000.00,27729000.00,6717000.00,23,35,12,Ongoing,Valid,Environmental assessment,Mulalley,WSP,66,Valid
PRJ-020,LA002,Valid,Nottingham City Council,East Midlands,Road Widening,Nottingham Road Widening 2022,2022-06-28,2024-11-05,2024-11-28,NULL,2025-05-28,19700000.00,24618000.00,4918000.00,29,35,6,Ongoing,Valid,Supply chain delays,Balfour Beatty,Capita,65,Valid
PRJ-021,LA127,Valid,Bradford Metropolitan District Council,Yorkshire and The Humber,Bridge Repair,Bradford Bridge Repair 2020,2020-01-08,2022-09-23,2022-09-08,NULL,2024-04-08,41892000.00,68305000.00,26413000.00,32,51,19,Delayed,Valid,Funding shortfall,Bowmer + Kirkland,Atkins,10,Valid
PRJ-022,LA061,Valid,Manchester City Council,North West,Waste Processing Plant,Manchester Waste Processing Plant 2023,2023-11-23,2024-03-05,2025-03-23,2025-03-15,2025-03-23,18520000.00,25201000.00,6681000.00,16,16,0,Completed,Valid,NULL,Bowmer + Kirkland,Mott MacDonald,100,Valid
PRJ-023,LA030,Valid,Watford Borough Council,East of England,Waste Processing Plant,Watford Waste Processing Plant 2023,2023-06-24,2025-03-02,2027-02-24,NULL,2027-05-24,89649000.00,97779000.00,8130000.00,44,47,3,Delayed,Valid,Design changes,Costain,Turner & Townsend,70,Valid
PRJ-024,LA126,Valid,Sheffield City Council,Yorkshire and The Humber,Rail Upgrade,Sheffield Rail Upgrade 2021,2021-06-01,2024-10-19,2024-10-01,NULL,2025-11-01,80028000.00,83189000.00,3161000.00,40,53,13,Delayed,Valid,Funding shortfall,Laing O'Rourke,Capita,33,Valid
PRJ-025,LA033,Valid,City of London Corporation,London,Rail Upgrade,City Rail Upgrade 2021,2021-06-22,2024-11-02,2024-11-22,NULL,2026-07-22,57725000.00,66873000.00,9148000.00,41,61,20,Delayed,Valid,Weather disruption,Robertson Group,WSP,57,Valid
PRJ-026,LA011,Valid,Blaby District Council,East Midlands,Bridge Repair,Blaby Bridge Repair 2020,2020-09-20,2022-10-26,2022-10-20,NULL,2024-08-20,41222000.00,45087000.00,3865000.00,25,47,22,Delayed,Valid,Contractor issues,Sir Robert McAlpine,Capita,63,Valid
PRJ-027,LA123,Valid,Cannock Chase District Council,West Midlands,Bridge Repair,Cannock Bridge Repair 2023,2023-02-02,2025-05-17,2027-05-02,2025-05-12,2027-05-02,21311000.00,21062000.00,-249000.00,51,51,0,Completed,Valid,NULL,Robertson Group,Capita,100,Valid
PRJ-028,LA054,Valid,Middlesbrough Council,North East,School Rebuild,Middlesbrough School Rebuild 2018,2018-05-01,2019-10-25,2019-10-01,NULL,2020-09-01,3817000.00,5798000.00,1981000.00,17,28,11,Delayed,Valid,Contractor issues,Mulalley,Arup,52,Valid
PRJ-029,LA273,Invalid - Broken FK,Coventry City Council,West Midlands,Housing Development,Coventry Housing Development 2023,2023-02-08,2025-01-27,2027-01-08,NULL,NULL,71376000.00,NULL,NULL,47,NULL,NULL,Planning,Valid,NULL,Bowmer + Kirkland,Jacobs,NULL,Unknown
PRJ-030,LA037,Valid,London Borough of Newham,London,Cycle Lane,London Cycle Lane 2023,2023-04-02,2025-02-05,2027-02-02,2025-02-08,2027-02-02,21974000.00,29973000.00,7999000.00,46,46,0,Completed,Valid,NULL,Sir Robert McAlpine,AECOM,100,Valid
PRJ-031,LA028,Valid,Harlow District Council,East of England,Housing Development,Harlow Housing Development 2020,2020-01-16,2024-01-13,2024-01-16,NULL,2024-03-16,80446000.00,89776000.00,9330000.00,48,50,2,Ongoing,Valid,Funding shortfall,Bowmer + Kirkland,Arup,97,Valid
PRJ-032,LA096,Valid,Gloucester City Council,South West,Bridge Repair,Gloucester Bridge Repair 2022,2022-11-01,2025-10-25,2026-08-01,NULL,NULL,14787000.00,NULL,NULL,45,NULL,NULL,Planning,Valid,NULL,Mulalley,Capita,0,Valid
PRJ-033,LA042,Valid,London Borough of Greenwich,London,Housing Development,London Housing Development 2020,2020-09-28,2021-12-05,2022-05-28,2022-05-28,2022-05-28,78452000.00,75790000.00,-2662000.00,20,20,0,Completed,Valid,NULL,Amey,AECOM,100,Valid
PRJ-034,LA067,Valid,Tameside Metropolitan Borough Council,North West,Waste Processing Plant,Tameside Waste Processing Plant 2021,2021-07-12,2021-05-16,2022-05-12,NULL,2022-05-12,38897000.00,43126000.00,4229000.00,10,10,0,Delayed,Valid,NULL,Laing O'Rourke,Turner & Townsend,59,Valid
PRJ-035,LA065,Valid,Rochdale Metropolitan Borough Council,North West,Flood Defence,Rochdale Flood Defence 2020,2020-12-10,2021-07-25,2022-07-10,NULL,2023-09-10,92993000.00,141876000.00,48883000.00,19,33,14,Ongoing,Valid,Supply chain delays,Kier Group,Arcadis,90,Valid
PRJ-036,LA129,Valid,Wakefield Metropolitan District Council,Yorkshire and The Humber,Waste Processing Plant,Wakefield Waste Processing Plant 2020,2020-11-28,2024-04-08,2025-04-28,NULL,2026-05-28,44517000.00,71433000.00,26916000.00,53,66,13,Ongoing,Valid,Weather disruption,Seddon,Capita,NULL,Unknown
PRJ-037,LA100,Valid,Wiltshire Council,South West,Park Regeneration,Wiltshire Park Regeneration 2019,2019-03-18,2023-11-27,2023-11-18,NULL,2025-07-18,44700000.00,70227000.00,25527000.00,56,76,20,Delayed,Valid,Environmental assessment,Mulalley,AECOM,25,Valid
PRJ-038,LA106,Valid,North Somerset Council,South West,Road Widening,North Road Widening 2022,2022-06-02,2025-12-08,2026-08-02,NULL,2028-06-02,51599000.00,71702000.00,20103000.00,50,72,22,Ongoing,Valid,Planning disputes,Mulalley,Atkins,61,Valid
PRJ-039,LA077,Valid,Brighton and Hove City Council,South East,Solar Farm,Brighton Solar Farm 2023,2023-11-18,2025-04-07,2026-04-18,NULL,NULL,93066000.00,NULL,NULL,29,NULL,NULL,Planning,Valid,NULL,Laing O'Rourke,Mott MacDonald,NULL,Unknown
PRJ-040,LA077,Valid,Brighton and Hove City Council,South East,Park Regeneration,Brighton Park Regeneration 2022,2022-07-13,2025-05-18,2027-05-13,NULL,2029-05-13,69014000.00,101108000.00,32094000.00,58,82,24,Ongoing,Valid,Community objection,Wates Group,Atkins,150,Invalid
PRJ-041,LA046,Valid,Royal Borough of Kingston upon Thames,London,Waste Processing Plant,Royal Waste Processing Plant 2023,2023-06-20,2025-12-12,2025-12-20,NULL,2025-12-20,89873000.00,124928000.00,35055000.00,30,30,0,Ongoing,Valid,NULL,Bowmer + Kirkland,Arup,61,Valid
PRJ-042,LA120,Valid,Shropshire Council,West Midlands,Bridge Repair,Shropshire Bridge Repair 2019,2019-07-15,2021-10-01,2022-01-15,NULL,2022-06-15,3999000.00,6202000.00,2203000.00,30,35,5,Ongoing,Valid,Contractor issues,Kier Group,AECOM,150,Invalid
PRJ-043,LA126,Valid,Sheffield City Council,Yorkshire and The Humber,Hospital Expansion,Sheffield Hospital Expansion 2021,2021-04-22,2022-08-20,2022-08-22,NULL,2023-04-22,32718000.00,31791000.00,-927000.00,16,24,8,Ongoing,Valid,Design changes,Mace Group,AECOM,88,Valid
PRJ-044,LA118,Valid,Worcester City Council,West Midlands,Waste Processing Plant,Worcester Waste Processing Plant 2023,2023-02-23,2024-12-14,2024-12-23,NULL,2025-12-23,77809000.00,98242000.00,20433000.00,22,34,12,Ongoing,Valid,Supply chain delays,Skanska UK,Capita,69,Valid
PRJ-045,LA031,Valid,St Albans City and District Council,East of England,Digital Broadband Rollout,St Digital Broadband Rollout 2019,2019-07-16,2021-09-12,2021-09-16,NULL,2022-11-16,91234000.00,111145000.00,19911000.00,26,40,14,Delayed,Valid,Land acquisition,Mace Group,WSP,53,Valid
PRJ-046,LA238,Invalid - Broken FK,Burnley Borough Council,North West,Road Widening,Burnley Road Widening 2018,2018-12-17,2021-06-21,2022-06-17,NULL,2022-10-17,48328000.00,NULL,NULL,42,46,4,Planning,Invalid - Actual Duration in Planning,Environmental assessment,Galliford Try,Arcadis,12,Valid
PRJ-047,LA050,Valid,Sunderland City Council,North East,Cycle Lane,Sunderland Cycle Lane 2022,2022-11-13,2022-10-21,2023-10-13,NULL,2024-04-13,59030000.00,NULL,NULL,11,17,6,Planning,Invalid - Actual Duration in Planning,Design changes,Amey,Jacobs,12,Valid
PRJ-048,LA010,Valid,HINCKLEY AND BOSWORTH BOROUGH COUNCIL,East Midlands,Hospital Expansion,Hinckley Hospital Expansion 2022,2022-03-16,2025-06-07,2026-06-16,NULL,2028-01-16,43685000.00,44530000.00,845000.00,51,70,19,Delayed,Valid,Environmental assessment,Costain,AECOM,25,Valid
PRJ-049,LA044,Valid,London Borough of Harrow,London,Solar Farm,London Solar Farm 2020,2020-01-23,2022-02-06,2022-02-23,NULL,2023-12-23,38482000.00,57397000.00,18915000.00,25,47,22,Delayed,Valid,Environmental assessment,Amey,Mott MacDonald,60,Valid
PRJ-050,LA058,Valid,Durham County Council,North East,Flood Defence,Durham Flood Defence 2022,2022-09-16,2023-06-02,2024-06-16,NULL,2024-12-16,92047000.00,NULL,NULL,21,27,6,Planning,Invalid - Actual Duration in Planning,Planning disputes,Galliford Try,Capita,NULL,Unknown
PRJ-051,LA118,Valid,Worcester City Council,West Midlands,Hospital Expansion,Worcester Hospital Expansion 2023,2023-05-04,2025-05-22,2026-06-04,NULL,2026-09-04,60705000.00,NULL,NULL,37,40,3,Planning,Invalid - Actual Duration in Planning,Scope change,Costain,AECOM,16,Valid
PRJ-052,LA016,Valid,Gedling Borough Council,East Midlands,Road Widening,Gedling Road Widening 2019,2019-12-10,2020-01-01,2021-01-10,NULL,2021-05-10,47297000.00,63527000.00,16230000.00,13,17,4,Ongoing,Valid,Scope change,Seddon,Turner & Townsend,69,Valid
PRJ-053,LA108,Valid,Forest of Dean District Council,South West,Bridge Repair,Forest Bridge Repair 2018,2018-05-06,2022-03-22,2023-03-06,NULL,2023-06-06,1392000.00,NULL,NULL,58,61,3,Planning,Invalid - Actual Duration in Planning,Environmental assessment,Morgan Sindall,Stantec,9,Valid
PRJ-054,LA002,Valid,Nottingham City Council,East Midlands,Hospital Expansion,Nottingham Hospital Expansion 2021,2021-07-25,2025-07-01,2025-07-25,NULL,2027-02-25,80247000.00,120157000.00,39910000.00,48,67,19,Ongoing,Valid,Environmental assessment,Galliford Try,Turner & Townsend,97,Valid
PRJ-055,LA022,Valid,Southend-on-Sea Borough Council,East of England,Hospital Expansion,Southend-on-Sea Hospital Expansion 2018,2018-05-09,2021-08-10,2022-04-09,NULL,2022-07-09,24043000.00,NULL,NULL,47,50,3,Planning,Invalid - Actual Duration in Planning,Community objection,Robertson Group,Arup,0,Valid
PRJ-092,LA103,Valid,Torbay Council,South West,Road Widening,Torbay Road Widening 2019,2019-12-12,2019-10-08,2020-10-12,2020-02-10,2020-10-12,23236000.00,23513000.00,277000.00,10,10,0,Completed,Valid,NULL,Laing O'Rourke,Jacobs,100,Valid
PRJ-056,LA142,Valid,Bromsgrove District Council,West Midlands,Digital Broadband Rollout,Bromsgrove Digital Broadband Rollout 2021,2021-06-25,2021-04-07,2022-04-25,NULL,2023-09-25,42033000.00,68989000.00,26956000.00,10,27,17,Delayed,Valid,Supply chain delays,Skanska UK,Mott MacDonald,60,Valid
PRJ-057,LA085,Valid,Maidstone Borough Council,South East,Bridge Repair,Maidstone Bridge Repair 2022,2022-03-16,2023-03-22,2023-03-16,NULL,2023-05-16,41185000.00,NULL,NULL,12,14,2,Planning,Invalid - Actual Duration in Planning,Land acquisition,Mulalley,AECOM,5,Valid
PRJ-058,LA022,Valid,Southend-on-Sea Borough Council,East of England,Rail Upgrade,Southend-on-Sea Rail Upgrade 2020,2020-12-20,2024-04-03,2025-03-20,NULL,2025-10-20,63972000.00,79561000.00,15589000.00,51,58,7,Ongoing,Valid,Environmental assessment,Skanska UK,WSP,94,Valid
PRJ-059,LA122,Valid,Tamworth Borough Council,West Midlands,Solar Farm,Tamworth Solar Farm 2023,2023-08-15,2024-01-22,2025-01-15,NULL,2025-08-15,15243000.00,18083000.00,2840000.00,17,24,7,Ongoing,Valid,Community objection,Mace Group,WSP,90,Valid
PRJ-060,LA141,Valid,Wyre Forest District Council,West Midlands,Waste Processing Plant,Wyre Waste Processing Plant 2022,2022-08-19,2025-02-18,2026-02-19,2025-02-20,2026-02-19,71760000.00,77656000.00,5896000.00,42,42,0,Completed,Valid,NULL,Bowmer + Kirkland,Turner & Townsend,NULL,Unknown
PRJ-061,LA096,Valid,Gloucester City Council,South West,Solar Farm,Gloucester Solar Farm 2019,2019-02-16,2022-05-10,2022-10-16,NULL,2023-04-16,26666000.00,NULL,NULL,44,50,6,Planning,Invalid - Actual Duration in Planning,Environmental assessment,Morgan Sindall,AECOM,0,Valid
PRJ-062,LA086,Valid,Medway Council,South East,Road Widening,Medway Road Widening 2019,2019-09-09,2021-02-01,2022-01-09,NULL,2022-10-09,44674000.00,63754000.00,19080000.00,28,37,9,Ongoing,Valid,Design changes,Skanska UK,Jacobs,81,Valid
PRJ-063,LA004,Valid,Northampton Borough Council,East Midlands,Flood Defence,Northampton Flood Defence 2021,2021-04-23,2025-01-09,2026-01-23,NULL,2027-01-23,78026000.00,100753000.00,22727000.00,57,69,12,Delayed,Valid,Funding shortfall,Seddon,Stantec,40,Valid
PRJ-064,LA114,Valid,Walsall Metropolitan Borough Council,West Midlands,Road Widening,Walsall Road Widening 2020,2020-12-03,2023-05-14,2024-02-03,NULL,NULL,37244000.00,NULL,NULL,38,NULL,NULL,Planning,Valid,NULL,Mace Group,Capita,2,Valid
PRJ-065,LA103,Valid,Torbay Council,South West,Flood Defence,Torbay Flood Defence 2019,2019-08-12,2022-01-17,2023-01-12,NULL,2023-07-12,7159000.00,9804000.00,2645000.00,41,47,6,Delayed,Valid,Land acquisition,Mulalley,Stantec,NULL,Unknown
PRJ-066,LA023,Valid,Thurrock Council,East of England,Digital Broadband Rollout,Thurrock Digital Broadband Rollout 2021,2021-05-09,2024-05-16,2025-01-09,NULL,2025-05-09,18772000.00,25538000.00,6766000.00,44,48,4,Ongoing,Valid,Funding shortfall,Amey,AECOM,91,Valid
PRJ-067,LA030,Valid,Watford Borough Council,East of England,Flood Defence,Watford Flood Defence 2019,2019-10-21,2023-11-16,2023-11-21,NULL,2025-03-21,94083000.00,155094000.00,61011000.00,49,65,16,Delayed,Valid,Scope change,Morgan Sindall,Capita,27,Valid
PRJ-068,LA027,Valid,Basildon Borough Council,East of England,Hospital Expansion,Basildon Hospital Expansion 2020,2020-07-25,2022-08-27,2022-08-25,NULL,2023-07-25,49075000.00,52748000.00,3673000.00,25,36,11,Ongoing,Valid,Weather disruption,Amey,Arup,91,Valid
PRJ-069,LA129,Valid,Wakefield Metropolitan District Council,Yorkshire and The Humber,Housing Development,Wakefield Housing Development 2020,2020-09-02,2023-11-03,2024-03-02,NULL,2026-03-02,38163000.00,60932000.00,22769000.00,42,66,24,Ongoing,Valid,Environmental assessment,Mulalley,Jacobs,60,Valid
PRJ-070,LA086,Valid,Medway Council,South East,Solar Farm,Medway Solar Farm 2020,2020-06-02,2021-11-02,2022-03-02,2022-11-23,2022-03-02,68946000.00,107274000.00,38328000.00,21,21,0,Completed,Valid,NULL,Mace Group,Turner & Townsend,100,Valid
PRJ-071,LA108,Valid,Forest of Dean District Council,South West,Solar Farm,Forest Solar Farm 2018,2018-03-14,2020-06-03,2020-06-14,NULL,2020-12-14,44426000.00,NULL,NULL,27,33,6,Planning,Invalid - Actual Duration in Planning,Environmental assessment,Laing O'Rourke,Jacobs,12,Valid
PRJ-072,LA097,Valid,Cheltenham Borough Council,South West,Solar Farm,Cheltenham Solar Farm 2018,2018-01-04,2019-08-19,2019-08-04,2020-08-04,2019-08-04,11184000.00,12668000.00,1484000.00,19,19,0,Completed,Valid,NULL,Amey,Capita,100,Valid
PRJ-073,LA244,Invalid - Broken FK,Southend-on-Sea Borough Council,East of England,Waste Processing Plant,Southend-on-Sea Waste Processing Plant 2023,2023-05-21,2023-12-21,2023-12-21,NULL,2024-06-21,65121000.00,89212000.00,24091000.00,7,13,6,Delayed,Valid,Funding shortfall,Morgan Sindall,Atkins,59,Valid
PRJ-074,LA066,Valid,Stockport Metropolitan Borough Council,North West,Park Regeneration,Stockport Park Regeneration 2023,2023-04-20,2025-03-22,2028-03-20,NULL,2029-03-20,50420000.00,60989000.00,10569000.00,59,71,12,Delayed,Valid,Weather disruption,Wates Group,Stantec,41,Valid
PRJ-075,LA133,Valid,Doncaster Metropolitan Borough Council,Yorkshire and The Humber,Bridge Repair,Doncaster Bridge Repair 2022,2022-06-04,2025-08-11,2025-08-04,NULL,2026-11-04,29975000.00,40939000.00,10964000.00,38,53,15,Ongoing,Valid,Land acquisition,Sir Robert McAlpine,WSP,78,Valid
PRJ-076,LA116,Valid,Stoke-on-Trent City Council,West Midlands,School Rebuild,Stoke-on-Trent School Rebuild 2022,2022-02-28,2024-12-09,2024-12-28,NULL,2025-03-28,47534000.00,NULL,NULL,34,37,3,Planning,Invalid - Actual Duration in Planning,Land acquisition,Costain,Arup,17,Valid
PRJ-077,LA067,Valid,Tameside Metropolitan Borough Council,North West,Waste Processing Plant,Tameside Waste Processing Plant 2019,2019-10-05,2021-01-06,2022-01-05,NULL,2022-06-05,39359000.00,NULL,NULL,27,32,5,Planning,Invalid - Actual Duration in Planning,Funding shortfall,Wates Group,Jacobs,4,Valid
PRJ-078,LA011,Valid,Blaby District Council,East Midlands,Flood Defence,Blaby Flood Defence 2021,2021-07-25,2024-07-07,2024-07-25,NULL,2026-06-25,57406000.00,79591000.00,22185000.00,36,59,23,Delayed,Valid,Supply chain delays,Robertson Group,Arcadis,69,Valid
PRJ-079,LA037,Valid,London Borough of Newham,London,Road Widening,London Road Widening 2020,2020-02-06,2020-11-24,2020-11-06,NULL,2021-02-06,81508000.00,NULL,NULL,9,12,3,Planning,Invalid - Actual Duration in Planning,Contractor issues,Balfour Beatty,Turner & Townsend,19,Valid
PRJ-080,LA228,Invalid - Broken FK,Colchester Borough Council,East of England,School Rebuild,Colchester School Rebuild 2022,2022-10-07,2025-06-20,2026-06-07,NULL,2027-04-07,67166000.00,94563000.00,27397000.00,44,54,10,Delayed,Valid,Community objection,Robertson Group,Arcadis,49,Valid
PRJ-081,LA020,Valid,LUTON BOROUGH COUNCIL,East of England,Rail Upgrade,Luton Rail Upgrade 2022,2022-10-24,2023-10-27,2023-10-24,2024-10-28,2023-10-24,82853000.00,127407000.00,44554000.00,12,12,0,Completed,Valid,NULL,Sir Robert McAlpine,AECOM,100,Valid
PRJ-082,LA084,Valid,Canterbury City Council,South East,Solar Farm,Canterbury Solar Farm 2022,2022-10-14,2025-03-06,2027-03-14,2025-03-21,2027-03-14,39717000.00,59976000.00,20259000.00,53,53,0,Completed,Valid,NULL,Mulalley,Jacobs,NULL,Unknown
PRJ-083,LA001,Valid,Derby City Council,East Midlands,Digital Broadband Rollout,Derby Digital Broadband Rollout 2022,2022-01-12,2022-07-19,2022-07-12,NULL,2023-01-12,45985000.00,63420000.00,17435000.00,6,12,6,Ongoing,Valid,Community objection,Sir Robert McAlpine,Jacobs,60,Valid
PRJ-084,LA071,Valid,Bury Metropolitan Borough Council,North West,Park Regeneration,Bury Park Regeneration 2018,2018-07-13,2023-07-07,2023-07-13,NULL,2023-09-13,8738000.00,NULL,NULL,60,62,2,Planning,Invalid - Actual Duration in Planning,Planning disputes,Balfour Beatty,AECOM,17,Valid
PRJ-085,LA137,Valid,North Yorkshire County Council,Yorkshire and The Humber,Solar Farm,North Solar Farm 2023,2023-09-09,2023-08-04,2024-08-09,NULL,2026-07-09,22914000.00,34357000.00,11443000.00,11,34,23,Ongoing,Valid,Land acquisition,Sir Robert McAlpine,Jacobs,99,Valid
PRJ-086,LA061,Valid,Manchester City Council,North West,Bridge Repair,Manchester Bridge Repair 2021,2021-12-19,2025-09-20,2026-09-19,NULL,2028-01-19,94931000.00,111779000.00,16848000.00,57,73,16,Ongoing,Valid,Planning disputes,Laing O'Rourke,AECOM,NULL,Unknown
PRJ-087,LA101,Valid,Dorset Council,South West,Cycle Lane,Dorset Cycle Lane 2021,2021-06-02,2021-04-01,2022-04-02,2022-04-27,2022-04-02,27488000.00,36920000.00,9432000.00,10,10,0,Completed,Valid,NULL,Morgan Sindall,Arup,100,Valid
PRJ-088,LA050,Valid,Sunderland City Council,North East,Solar Farm,Sunderland Solar Farm 2021,2021-05-17,2022-08-13,2022-08-17,NULL,2024-03-17,39821000.00,45263000.00,5442000.00,15,34,19,Ongoing,Valid,Design changes,Morgan Sindall,Arcadis,85,Valid
PRJ-089,LA032,Valid,Hertsmere Borough Council,East of England,Road Widening,Hertsmere Road Widening 2020,2020-11-12,2022-03-21,2023-03-12,2023-03-03,2023-03-12,35689000.00,51308000.00,15619000.00,28,28,0,Completed,Valid,NULL,Sir Robert McAlpine,AECOM,100,Valid
PRJ-090,LA042,Valid,London Borough of Greenwich,London,Park Regeneration,London Park Regeneration 2019,2019-05-03,2023-03-16,2024-03-03,NULL,2024-08-03,79998000.00,NULL,NULL,58,63,5,Planning,Invalid - Actual Duration in Planning,Environmental assessment,Robertson Group,Stantec,3,Valid
PRJ-091,LA087,Valid,Thanet District Council,South East,Waste Processing Plant,Thanet Waste Processing Plant 2023,2023-10-27,2023-06-17,2024-06-27,NULL,2026-05-27,78408000.00,115240000.00,36832000.00,8,31,23,Delayed,Valid,Planning disputes,Laing O'Rourke,Turner & Townsend,18,Valid
PRJ-093,LA128,Valid,Hull City Council,Yorkshire and The Humber,Rail Upgrade,Hull Rail Upgrade 2022,2022-03-15,2023-09-08,2023-08-15,NULL,2024-09-15,21307000.00,29647000.00,8340000.00,17,30,13,Delayed,Valid,Design changes,Balfour Beatty,Stantec,69,Valid
PRJ-094,LA012,Valid,Melton Borough Council,East Midlands,Cycle Lane,Melton Cycle Lane 2019,2019-08-28,2023-01-12,2024-01-28,NULL,2024-07-28,14655000.00,NULL,NULL,53,59,6,Planning,Invalid - Actual Duration in Planning,Planning disputes,Galliford Try,Arcadis,20,Valid
PRJ-095,LA112,Valid,Dudley Metropolitan Borough Council,West Midlands,Solar Farm,Dudley Solar Farm 2023,2023-07-04,2025-09-08,2027-09-04,NULL,2027-12-04,90924000.00,89895000.00,-1029000.00,50,53,3,Delayed,Valid,Weather disruption,Seddon,Capita,55,Valid
PRJ-096,LA038,Valid,London Borough of Islington,London,Cycle Lane,London Cycle Lane 2018,2018-02-17,2022-08-16,2022-08-17,NULL,2024-05-17,61161000.00,79016000.00,17855000.00,54,75,21,Delayed,Valid,Weather disruption,Morgan Sindall,Arcadis,47,Valid
PRJ-097,LA105,Valid,South Gloucestershire Council,South West,Digital Broadband Rollout,South Digital Broadband Rollout 2021,2021-12-10,2022-11-04,2023-11-10,NULL,2024-09-10,2076000.00,3270000.00,1194000.00,23,33,10,Delayed,Valid,Weather disruption,Wates Group,Arcadis,36,Valid
PRJ-098,LA114,Valid,Walsall Metropolitan Borough Council,West Midlands,Rail Upgrade,Walsall Rail Upgrade 2018,2018-02-10,2022-06-26,2022-06-10,2023-06-11,2022-06-10,48640000.00,57656000.00,9016000.00,52,52,0,Completed,Valid,NULL,Robertson Group,WSP,NULL,Unknown
PRJ-099,LA044,Valid,London Borough of Harrow,London,Bridge Repair,London Bridge Repair 2020,2020-07-08,2023-12-11,2023-12-08,NULL,2024-10-08,72493000.00,73883000.00,1390000.00,41,51,10,Ongoing,Valid,Contractor issues,Bowmer + Kirkland,WSP,NULL,Unknown
PRJ-100,LA055,Valid,Hartlepool Borough Council,North East,Solar Farm,Hartlepool Solar Farm 2022,2022-06-02,2023-08-11,2023-08-02,NULL,2024-02-02,33603000.00,37468000.00,3865000.00,14,20,6,Ongoing,Valid,Design changes,Morgan Sindall,Turner & Townsend,66,Valid
PRJ-101,LA020,Valid,Luton Borough Council,East of England,Park Regeneration,Luton Park Regeneration 2019,2019-07-20,2021-03-04,2022-03-20,NULL,2022-04-20,45732000.00,44342000.00,-1390000.00,32,33,1,Delayed,Valid,Environmental assessment,Balfour Beatty,Arcadis,64,Valid
PRJ-102,LA002,Valid,Nottingham City Council,East Midlands,School Rebuild,Nottingham School Rebuild 2020,2020-10-16,2020-07-01,2021-07-16,2021-07-01,2021-07-16,64336000.00,63201000.00,-1135000.00,9,9,0,Completed,Valid,NULL,Bowmer + Kirkland,Arcadis,100,Valid
PRJ-103,LA134,Valid,Rotherham Metropolitan Borough Council,Yorkshire and The Humber,Housing Development,Rotherham Housing Development 2018,2018-01-21,2021-07-12,2021-07-21,NULL,2021-09-21,48363000.00,NULL,NULL,42,44,2,Planning,Invalid - Actual Duration in Planning,Scope change,Mace Group,AECOM,7,Valid
PRJ-104,LA028,Valid,Harlow District Council,East of England,Road Widening,Harlow Road Widening 2022,2022-11-27,2023-06-22,2024-06-27,NULL,2024-10-27,14674000.00,15963000.00,1289000.00,19,23,4,Delayed,Valid,Community objection,Robertson Group,WSP,11,Valid
PRJ-105,LA103,Valid,Torbay Council,South West,Rail Upgrade,Torbay Rail Upgrade 2019,2019-09-18,2020-10-06,2020-10-18,2021-10-26,2020-10-18,44413000.00,45437000.00,1024000.00,13,13,0,Completed,Valid,NULL,Morgan Sindall,Mott MacDonald,NULL,Unknown
PRJ-106,LA001,Valid,Derby City Council,East Midlands,Bridge Repair,Derby Bridge Repair 2021,2021-03-17,2022-07-06,2022-07-17,NULL,2023-02-17,25497000.00,25756000.00,259000.00,16,23,7,Ongoing,Valid,Contractor issues,Galliford Try,WSP,63,Valid
PRJ-107,LA144,Valid,Wyre Borough Council,North West,Housing Development,Wyre Housing Development 2023,2023-04-12,2024-09-15,2024-09-12,NULL,2024-10-12,36741000.00,NULL,NULL,17,18,1,Planning,Invalid - Actual Duration in Planning,Community objection,Mulalley,WSP,11,Valid
PRJ-108,LA071,Valid,Bury Metropolitan Borough Council,North West,Waste Processing Plant,Bury Waste Processing Plant 2021,2021-07-21,2023-09-08,2023-09-21,NULL,2023-10-21,27192000.00,NULL,NULL,26,27,1,Planning,Invalid - Actual Duration in Planning,Environmental assessment,Amey,Atkins,4,Valid
PRJ-109,LA138,Valid,Scarborough Borough Council,Yorkshire and The Humber,Park Regeneration,Scarborough Park Regeneration 2021,2021-10-27,2025-10-04,2026-10-27,NULL,2027-02-27,91822000.00,NULL,NULL,60,64,4,Planning,Invalid - Actual Duration in Planning,Scope change,Mace Group,Mott MacDonald,19,Valid
PRJ-110,LA133,Valid,Doncaster Metropolitan Borough Council,Yorkshire and The Humber,Road Widening,Doncaster Road Widening 2021,2021-12-03,2023-09-09,2024-09-03,NULL,2026-08-03,54607000.00,71979000.00,17372000.00,33,56,23,Delayed,Valid,Funding shortfall,Mulalley,AECOM,14,Valid
PRJ-111,LA136,Valid,East Riding of Yorkshire Council,Yorkshire and The Humber,Waste Processing Plant,East Waste Processing Plant 2022,2022-02-28,2025-08-04,2025-08-28,NULL,2025-08-28,56974000.00,86822000.00,29848000.00,42,42,0,Delayed,Valid,NULL,Robertson Group,Mott MacDonald,48,Valid
PRJ-112,LA051,Valid,Gateshead Metropolitan Borough Council,North East,Hospital Expansion,Gateshead Hospital Expansion 2022,2022-10-26,2024-10-10,2024-10-26,NULL,2025-07-26,55236000.00,82294000.00,27058000.00,24,33,9,Delayed,Valid,Land acquisition,Wates Group,Mott MacDonald,47,Valid
PRJ-113,LA001,Valid,Derby City Council,East Midlands,School Rebuild,Derby School Rebuild 2020,2020-05-25,2022-10-26,2022-10-25,NULL,2023-09-25,64414000.00,101753000.00,37339000.00,29,40,11,Ongoing,Valid,Planning disputes,Galliford Try,WSP,67,Valid
PRJ-114,LA091,Valid,Worthing Borough Council,South East,Solar Farm,Worthing Solar Farm 2020,2020-01-18,2022-05-22,2022-05-18,2023-05-15,2022-05-18,64095000.00,81220000.00,17125000.00,28,28,0,Completed,Valid,NULL,Kier Group,Arup,100,Valid
PRJ-115,LA079,Valid,Portsmouth City Council,South East,Housing Development,Portsmouth Housing Development 2021,2021-10-10,2025-06-14,2026-06-10,NULL,2026-12-10,74050000.00,NULL,NULL,56,62,6,Planning,Invalid - Actual Duration in Planning,Weather disruption,Robertson Group,Atkins,7,Valid
PRJ-116,LA052,Valid,South Tyneside Metropolitan Borough Council,North East,Hospital Expansion,South Hospital Expansion 2020,2020-01-14,2022-02-22,2022-02-14,NULL,2022-02-14,6436000.00,8926000.00,2490000.00,25,25,0,Ongoing,Valid,NULL,Laing O'Rourke,Arcadis,85,Valid
PRJ-117,LA075,Valid,Burnley Borough Council,North West,School Rebuild,Burnley School Rebuild 2019,2019-12-25,2019-08-18,2020-08-25,NULL,2020-12-25,87392000.00,NULL,NULL,8,12,4,Planning,Invalid - Actual Duration in Planning,Contractor issues,Balfour Beatty,WSP,12,Valid
PRJ-118,LA138,Valid,Scarborough Borough Council,Yorkshire and The Humber,Bridge Repair,Scarborough Bridge Repair 2019,2019-03-20,2023-09-07,2023-09-20,NULL,2025-09-20,92173000.00,140297000.00,48124000.00,54,78,24,Ongoing,Valid,Contractor issues,Laing O'Rourke,Arcadis,79,Valid
PRJ-119,LA010,Valid,hinckley and bosworth borough council,East Midlands,Park Regeneration,Hinckley Park Regeneration 2018,2018-05-19,2021-12-20,2021-12-19,2022-12-26,2021-12-19,41109000.00,56075000.00,14966000.00,43,43,0,Completed,Valid,NULL,Costain,Turner & Townsend,100,Valid
PRJ-120,LA053,Valid,North Tyneside Metropolitan Borough Council,North East,School Rebuild,North School Rebuild 2023,2023-01-28,2025-02-07,2027-02-28,NULL,NULL,70915000.00,NULL,NULL,49,NULL,NULL,Planning,Valid,NULL,Laing O'Rourke,Arcadis,1,Valid
PRJ-121,LA107,Valid,Stroud District Council,South West,Flood Defence,Stroud Flood Defence 2023,2023-04-07,2025-03-25,2026-12-07,NULL,2027-04-07,44361000.00,NULL,NULL,44,48,4,Planning,Invalid - Actual Duration in Planning,Community objection,Robertson Group,Capita,14,Valid
PRJ-122,LA066,Valid,Stockport Metropolitan Borough Council,North West,Rail Upgrade,Stockport Rail Upgrade 2022,2022-05-10,2025-12-27,2026-12-10,NULL,2027-04-10,60854000.00,NULL,NULL,55,59,4,Planning,Invalid - Actual Duration in Planning,Contractor issues,Mulalley,Mott MacDonald,1,Valid
PRJ-123,LA010,Valid,Hinckley and Bosworth Borough Council,East Midlands,Digital Broadband Rollout,Hinckley Digital Broadband Rollout 2018,2018-12-28,2018-08-17,2019-08-28,NULL,2019-09-28,6724000.00,6406000.00,-318000.00,8,9,1,Ongoing,Valid,Land acquisition,Mulalley,Arcadis,79,Valid
PRJ-124,LA026,Valid,Braintree District Council,East of England,Housing Development,Braintree Housing Development 2019,2019-12-21,2023-09-21,2024-09-21,2024-09-09,2024-09-21,20890000.00,33423000.00,12533000.00,57,57,0,Completed,Valid,NULL,Costain,Atkins,150,Invalid
PRJ-125,LA066,Valid,Stockport Metropolitan Borough Council,North West,Road Widening,Stockport Road Widening 2019,2019-07-04,2023-05-28,2024-05-04,2024-05-04,2024-05-04,8276000.00,9135000.00,859000.00,58,58,0,Completed,Valid,NULL,Skanska UK,Turner & Townsend,100,Valid
PRJ-126,LA109,Valid,birmingham city council,West Midlands,School Rebuild,Birmingham School Rebuild 2020,2020-10-04,2024-01-28,2025-01-04,NULL,2026-08-04,37149000.00,53106000.00,15957000.00,51,70,19,Ongoing,Valid,Land acquisition,Wates Group,Turner & Townsend,64,Valid
PRJ-127,LA030,Valid,Watford Borough Council,East of England,Waste Processing Plant,Watford Waste Processing Plant 2020,2020-02-08,2024-02-22,2024-02-08,NULL,2024-03-08,82829000.00,NULL,NULL,48,49,1,Planning,Invalid - Actual Duration in Planning,Community objection,Laing O'Rourke,Turner & Townsend,18,Valid
PRJ-128,LA020,Valid,Luton Borough Council,East of England,Solar Farm,Luton Solar Farm 2020,2020-10-18,2022-02-27,2023-02-18,NULL,2024-02-18,28341000.00,31419000.00,3078000.00,28,40,12,Ongoing,Valid,Funding shortfall,Galliford Try,Jacobs,77,Valid
PRJ-129,LA064,Valid,Oldham Metropolitan Borough Council,North West,Rail Upgrade,Oldham Rail Upgrade 2021,2021-10-02,2024-05-05,2025-05-02,NULL,2027-03-02,21558000.00,24397000.00,2839000.00,43,65,22,Delayed,Valid,Weather disruption,Wates Group,Turner & Townsend,54,Valid
PRJ-130,LA143,Valid,Malvern Hills District Council,West Midlands,Hospital Expansion,Malvern Hospital Expansion 2022,2022-06-21,2025-08-05,2026-05-21,NULL,2027-01-21,46228000.00,44198000.00,-2030000.00,47,55,8,Delayed,Valid,Design changes,Amey,AECOM,36,Valid
PRJ-131,LA025,Valid,Colchester Borough Council,East of England,Solar Farm,Colchester Solar Farm 2021,2021-06-15,2024-04-05,2025-04-15,2025-04-15,2025-04-15,63494000.00,103213000.00,39719000.00,46,46,0,Completed,Valid,NULL,Laing O'Rourke,Turner & Townsend,100,Valid
PRJ-132,LA051,Valid,Gateshead Metropolitan Borough Council,North East,Hospital Expansion,Gateshead Hospital Expansion 2021,2021-07-15,2022-07-04,2023-04-15,NULL,2023-08-15,73494000.00,NULL,NULL,21,25,4,Planning,Invalid - Actual Duration in Planning,Supply chain delays,Mulalley,Arcadis,6,Valid
PRJ-133,LA110,Valid,Coventry City Council,West Midlands,School Rebuild,Coventry School Rebuild 2018,2018-09-20,2020-05-11,2021-05-20,2021-05-03,2021-05-20,10909000.00,10702000.00,-207000.00,32,32,0,Completed,Valid,NULL,Balfour Beatty,Stantec,100,Valid
PRJ-134,LA004,Valid,Northampton Borough Council,East Midlands,School Rebuild,Northampton School Rebuild 2020,2020-10-21,2022-12-14,2022-12-21,NULL,2023-02-21,42711000.00,NULL,NULL,26,28,2,Planning,Invalid - Actual Duration in Planning,Scope change,Sir Robert McAlpine,Atkins,13,Valid
PRJ-135,LA071,Valid,Bury Metropolitan Borough Council,North West,Road Widening,Bury Road Widening 2021,2021-03-05,2025-01-25,2025-11-05,NULL,2026-06-05,73121000.00,91982000.00,18861000.00,56,63,7,Ongoing,Valid,Supply chain delays,Costain,Arcadis,66,Valid
PRJ-136,LA021,Valid,Peterborough City Council,East of England,Road Widening,Peterborough Road Widening 2020,2020-10-13,2021-04-12,2022-04-13,2022-04-13,2022-04-13,15406000.00,17241000.00,1835000.00,18,18,0,Completed,Valid,NULL,Galliford Try,Atkins,100,Valid
PRJ-137,LA024,Valid,Chelmsford City Council,East of England,Park Regeneration,Chelmsford Park Regeneration 2021,2021-03-09,2025-07-21,2025-07-09,NULL,2026-12-09,36507000.00,55631000.00,19124000.00,52,69,17,Ongoing,Valid,Weather disruption,Mace Group,Mott MacDonald,71,Valid
PRJ-138,LA136,Valid,East Riding of Yorkshire Council,Yorkshire and The Humber,Road Widening,East Road Widening 2020,2020-06-26,2024-10-21,2024-10-26,NULL,2024-11-26,17071000.00,NULL,NULL,52,53,1,Planning,Invalid - Actual Duration in Planning,Environmental assessment,Sir Robert McAlpine,Arcadis,13,Valid
PRJ-139,LA039,Valid,London Borough of Southwark,London,Bridge Repair,London Bridge Repair 2019,2019-12-19,2022-02-18,2023-02-19,NULL,2024-07-19,68961000.00,72942000.00,3981000.00,38,55,17,Delayed,Valid,Community objection,Kier Group,Arcadis,25,Valid
PRJ-140,LA139,Valid,Harrogate Borough Council,Yorkshire and The Humber,Digital Broadband Rollout,Harrogate Digital Broadband Rollout 2021,2021-06-03,2023-04-26,2024-04-03,NULL,2024-10-03,31330000.00,34828000.00,3498000.00,34,40,6,Ongoing,Valid,Planning disputes,Laing O'Rourke,Atkins,83,Valid
PRJ-141,LA200,Invalid - Broken FK,Harlow District Council,East of England,Rail Upgrade,Harlow Rail Upgrade 2019,2019-10-11,2021-08-17,2022-08-11,2022-08-06,2022-08-11,50108000.00,56470000.00,6362000.00,34,34,0,Completed,Valid,NULL,Balfour Beatty,Stantec,100,Valid
PRJ-142,LA249,Invalid - Broken FK,Bolton Metropolitan Borough Council,North West,Digital Broadband Rollout,Bolton Digital Broadband Rollout 2019,2019-11-02,2019-09-02,2020-09-02,2020-09-21,2020-09-02,28249000.00,38773000.00,10524000.00,10,10,0,Completed,Valid,NULL,Mulalley,Mott MacDonald,100,Valid
PRJ-143,LA136,Valid,East Riding of Yorkshire Council,Yorkshire and The Humber,Hospital Expansion,East Hospital Expansion 2019,2019-04-28,2019-12-09,2019-12-28,NULL,2020-06-28,14091000.00,NULL,NULL,8,14,6,Planning,Invalid - Actual Duration in Planning,Planning disputes,Laing O'Rourke,Arcadis,16,Valid
PRJ-144,LA027,Valid,Basildon Borough Council,East of England,Rail Upgrade,Basildon Rail Upgrade 2018,2018-03-16,2019-12-19,2019-12-16,NULL,2021-06-16,15664000.00,18641000.00,2977000.00,21,39,18,Delayed,Valid,Environmental assessment,Mace Group,Arup,49,Valid
PRJ-145,LA061,Valid,Manchester City Council,North West,Road Widening,Manchester Road Widening 2023,2023-04-06,2024-08-25,2024-06-06,NULL,2025-08-06,28577000.00,34749000.00,6172000.00,14,28,14,Delayed,Valid,Community objection,Morgan Sindall,Jacobs,22,Valid
PRJ-146,LA135,Valid,York City of Council,Yorkshire and The Humber,Waste Processing Plant,York Waste Processing Plant 2019,2019-10-05,2019-08-09,2020-08-05,NULL,2021-11-05,32738000.00,35110000.00,2372000.00,10,25,15,Delayed,Valid,Planning disputes,Amey,Arcadis,60,Valid
PRJ-147,LA024,Valid,Chelmsford City Council,East of England,School Rebuild,Chelmsford School Rebuild 2019,2019-01-12,2021-04-12,2021-04-12,NULL,2021-07-12,89595000.00,NULL,NULL,27,30,3,Planning,Invalid - Actual Duration in Planning,Planning disputes,Bowmer + Kirkland,Mott MacDonald,15,Valid
PRJ-148,LA041,Valid,London Borough of Lewisham,London,School Rebuild,London School Rebuild 2020,2020-12-11,2023-11-07,2024-11-11,2024-11-05,2024-11-11,65534000.00,78982000.00,13448000.00,47,47,0,Completed,Valid,NULL,Kier Group,WSP,100,Valid
PRJ-149,LA095,Valid,Exeter City Council,South West,Hospital Expansion,Exeter Hospital Expansion 2022,2022-07-09,2025-07-04,2026-07-09,NULL,2028-07-09,67716000.00,102336000.00,34620000.00,48,72,24,Delayed,Valid,Funding shortfall,Skanska UK,Capita,15,Valid
PRJ-150,LA098,Valid,Swindon Borough Council,South West,Bridge Repair,Swindon Bridge Repair 2019,2019-10-08,2021-04-02,2022-04-08,2022-04-23,2022-04-08,57738000.00,88370000.00,30632000.00,30,30,0,Completed,Valid,NULL,Bowmer + Kirkland,Capita,100,Valid
PRJ-151,LA030,Valid,Watford Borough Council,East of England,Solar Farm,Watford Solar Farm 2019,2019-10-25,2021-08-17,2022-08-25,NULL,2022-11-25,61878000.00,NULL,NULL,34,37,3,Planning,Invalid - Actual Duration in Planning,Weather disruption,Morgan Sindall,Arcadis,3,Valid
PRJ-152,LA059,Valid,Northumberland County Council,North East,Flood Defence,Northumberland Flood Defence 2019,2019-01-27,2021-04-25,2021-04-27,NULL,2022-09-27,61229000.00,76025000.00,14796000.00,27,44,17,Ongoing,Valid,Community objection,Bowmer + Kirkland,Arcadis,60,Valid
PRJ-153,LA144,Valid,Wyre Borough Council,North West,Digital Broadband Rollout,Wyre Digital Broadband Rollout 2023,2023-10-02,2025-01-23,2027-01-02,NULL,2027-04-02,20965000.00,24039000.00,3074000.00,39,42,3,Delayed,Valid,Community objection,Galliford Try,Capita,56,Valid
PRJ-154,LA108,Valid,Forest of Dean District Council,South West,School Rebuild,Forest School Rebuild 2019,2019-11-16,2019-07-11,2020-07-16,NULL,2020-07-16,33031000.00,38550000.00,5519000.00,8,8,0,Delayed,Valid,NULL,Balfour Beatty,Stantec,13,Valid
PRJ-155,LA107,Valid,Stroud District Council,South West,Housing Development,Stroud Housing Development 2020,2020-07-05,2022-09-24,2022-09-05,NULL,2023-08-05,54948000.00,83494000.00,28546000.00,26,37,11,Delayed,Valid,Community objection,Seddon,Capita,68,Valid
PRJ-156,LA113,Valid,Sandwell Metropolitan Borough Council,West Midlands,Hospital Expansion,Sandwell Hospital Expansion 2022,2022-01-07,2025-12-25,2026-12-07,2025-12-23,2026-12-07,38842000.00,40369000.00,1527000.00,59,59,0,Completed,Valid,NULL,Amey,Mott MacDonald,100,Valid
PRJ-157,LA027,Valid,Basildon Borough Council,East of England,Bridge Repair,Basildon Bridge Repair 2022,2022-01-24,2025-02-17,2025-02-24,2025-11-02,2025-02-24,68621000.00,92405000.00,23784000.00,37,37,0,Completed,Valid,NULL,Morgan Sindall,Arcadis,100,Valid
PRJ-158,LA011,Valid,Blaby District Council,East Midlands,Digital Broadband Rollout,Blaby Digital Broadband Rollout 2023,2023-09-20,2025-04-24,2026-04-20,2025-04-10,2026-04-20,90376000.00,108637000.00,18261000.00,31,31,0,Completed,Valid,NULL,Wates Group,Stantec,100,Valid
PRJ-159,LA055,Valid,Hartlepool Borough Council,North East,School Rebuild,Hartlepool School Rebuild 2021,2021-05-12,2024-03-03,2025-03-12,NULL,2026-07-12,49778000.00,48674000.00,-1104000.00,46,62,16,Ongoing,Valid,Planning disputes,Galliford Try,Atkins,75,Valid
PRJ-160,LA096,Valid,Gloucester City Council,South West,Park Regeneration,Gloucester Park Regeneration 2018,2018-05-12,2019-07-18,2019-07-12,NULL,2021-02-12,83042000.00,80837000.00,-2205000.00,14,33,19,Ongoing,Valid,Scope change,Mulalley,Atkins,95,Valid
PRJ-161,LA033,Valid,City of London Corporation,London,Rail Upgrade,City Rail Upgrade 2020,2020-09-18,2021-03-22,2022-03-18,NULL,2022-04-18,73936000.00,71907000.00,-2029000.00,18,19,1,Ongoing,Valid,Scope change,Sir Robert McAlpine,WSP,96,Valid
PRJ-162,LA106,Valid,North Somerset Council,South West,School Rebuild,North School Rebuild 2018,2018-07-11,2019-06-03,2020-06-11,NULL,2020-07-11,15504000.00,NULL,NULL,23,24,1,Planning,Invalid - Actual Duration in Planning,Land acquisition,Mace Group,Capita,0,Valid
PRJ-163,LA002,Valid,Nottingham City Council,East Midlands,Bridge Repair,Nottingham Bridge Repair 2022,2022-02-06,2024-11-02,2024-11-06,NULL,2026-09-06,47708000.00,61455000.00,13747000.00,33,55,22,Ongoing,Valid,Supply chain delays,Laing O'Rourke,Arcadis,67,Valid
PRJ-164,LA027,Valid,Basildon Borough Council,East of England,Cycle Lane,Basildon Cycle Lane 2022,2022-08-07,2023-09-10,2023-09-07,NULL,2024-01-07,76654000.00,NULL,NULL,13,17,4,Planning,Invalid - Actual Duration in Planning,Community objection,Skanska UK,AECOM,NULL,Unknown
PRJ-257,LA026,Valid,Braintree District Council,East of England,Flood Defence,Braintree Flood Defence 2019,2019-01-26,2020-08-12,2020-08-26,NULL,2021-01-26,5230000.00,NULL,NULL,19,24,5,Planning,Invalid - Actual Duration in Planning,Funding shortfall,Costain,Arcadis,NULL,Unknown
PRJ-165,LA131,Valid,Calderdale Metropolitan Borough Council,Yorkshire and The Humber,Bridge Repair,Calderdale Bridge Repair 2022,2022-01-23,2025-01-24,2025-01-23,NULL,2025-02-23,12602000.00,NULL,NULL,36,37,1,Planning,Invalid - Actual Duration in Planning,Supply chain delays,Wates Group,Turner & Townsend,18,Valid
PRJ-166,LA014,Valid,Newark and Sherwood District Council,East Midlands,Hospital Expansion,Newark Hospital Expansion 2023,2023-03-16,2025-08-08,2025-08-16,NULL,2026-02-16,88736000.00,NULL,NULL,29,35,6,Planning,Invalid - Actual Duration in Planning,Scope change,Galliford Try,Jacobs,20,Valid
PRJ-167,LA041,Valid,London Borough of Lewisham,London,Bridge Repair,London Bridge Repair 2021,2021-12-20,2023-05-04,2024-05-20,NULL,2025-11-20,23626000.00,35198000.00,11572000.00,29,47,18,Delayed,Valid,Environmental assessment,Robertson Group,Arcadis,44,Valid
PRJ-168,LA091,Valid,WORTHING BOROUGH COUNCIL,South East,School Rebuild,Worthing School Rebuild 2018,2018-04-21,2019-01-07,2020-01-21,NULL,2021-05-21,8098000.00,13311000.00,5213000.00,21,37,16,Ongoing,Valid,Contractor issues,Sir Robert McAlpine,Capita,96,Valid
PRJ-169,LA035,Valid,London Borough of Hackney,London,Solar Farm,London Solar Farm 2020,2020-10-24,2024-03-02,2025-03-24,NULL,2025-07-24,2256000.00,2638000.00,382000.00,53,57,4,Delayed,Valid,Scope change,Seddon,Arcadis,68,Valid
PRJ-170,LA037,Valid,London Borough of Newham,London,Waste Processing Plant,London Waste Processing Plant 2020,2020-01-20,2021-01-13,2021-01-20,NULL,2021-05-20,61569000.00,NULL,NULL,12,16,4,Planning,Invalid - Actual Duration in Planning,Weather disruption,Mulalley,Arcadis,15,Valid
PRJ-171,LA266,Invalid - Broken FK,Wolverhampton City Council,West Midlands,Digital Broadband Rollout,Wolverhampton Digital Broadband Rollout 2020,2020-04-11,2021-12-18,2021-12-11,NULL,2022-01-11,16764000.00,21949000.00,5185000.00,20,21,1,Delayed,Valid,Environmental assessment,Kier Group,Turner & Townsend,17,Valid
PRJ-172,LA297,Invalid - Broken FK,Newcastle upon Tyne City Council,North East,Waste Processing Plant,Newcastle Waste Processing Plant 2018,2018-08-06,2023-08-15,2023-08-06,NULL,2024-05-06,2430000.00,2992000.00,562000.00,60,69,9,Ongoing,Valid,Land acquisition,Seddon,Stantec,91,Valid
PRJ-173,LA035,Valid,London Borough of Hackney,London,Flood Defence,London Flood Defence 2018,2018-09-10,2021-01-17,2022-01-10,NULL,2022-06-10,19725000.00,NULL,NULL,40,45,5,Planning,Invalid - Actual Duration in Planning,Environmental assessment,Bowmer + Kirkland,WSP,19,Valid
PRJ-174,LA142,Valid,Bromsgrove District Council,West Midlands,Park Regeneration,Bromsgrove Park Regeneration 2018,2018-09-28,2020-07-05,2021-07-28,NULL,2021-08-28,40662000.00,NULL,NULL,34,35,1,Planning,Invalid - Actual Duration in Planning,Scope change,Robertson Group,Stantec,16,Valid
PRJ-175,LA049,Valid,Newcastle upon Tyne City Council,North East,Solar Farm,Newcastle Solar Farm 2019,2019-04-21,2020-09-14,2020-09-21,2021-09-17,2020-09-21,94864000.00,122706000.00,27842000.00,17,17,0,Completed,Valid,NULL,Robertson Group,Mott MacDonald,100,Valid
PRJ-176,LA099,Valid,Bath and North East Somerset Council,South West,Cycle Lane,Bath Cycle Lane 2023,2023-10-12,2024-06-16,2025-06-12,NULL,2027-02-12,35185000.00,51159000.00,15974000.00,20,40,20,Delayed,Valid,Supply chain delays,Skanska UK,Stantec,NULL,Unknown
PRJ-177,LA138,Valid,Scarborough Borough Council,Yorkshire and The Humber,Bridge Repair,Scarborough Bridge Repair 2019,2019-04-27,2023-10-15,2023-10-27,NULL,2023-11-27,40159000.00,NULL,NULL,54,55,1,Planning,Invalid - Actual Duration in Planning,Funding shortfall,Laing O'Rourke,Jacobs,9,Valid
PRJ-178,LA150,Valid,Hyndburn Borough Council,North West,Cycle Lane,Hyndburn Cycle Lane 2018,2018-11-24,2021-03-17,2022-03-24,NULL,2023-02-24,29176000.00,36985000.00,7809000.00,40,51,11,Delayed,Valid,Supply chain delays,Skanska UK,Jacobs,55,Valid
PRJ-179,LA134,Valid,Rotherham Metropolitan Borough Council,Yorkshire and The Humber,Cycle Lane,Rotherham Cycle Lane 2023,2023-11-10,2025-12-17,2026-12-10,NULL,2027-02-10,63110000.00,NULL,NULL,37,39,2,Planning,Invalid - Actual Duration in Planning,Contractor issues,Kier Group,Turner & Townsend,15,Valid
PRJ-180,LA064,Valid,Oldham Metropolitan Borough Council,North West,Waste Processing Plant,Oldham Waste Processing Plant 2018,2018-12-04,2019-11-23,2020-07-04,2020-11-07,2020-07-04,77811000.00,79792000.00,1981000.00,19,19,0,Completed,Valid,NULL,Skanska UK,Capita,100,Valid
PRJ-181,LA218,Invalid - Broken FK,Royal Borough of Kingston upon Thames,London,Solar Farm,Royal Solar Farm 2020,2020-12-24,2021-07-03,2022-03-24,NULL,2023-03-24,78670000.00,106215000.00,27545000.00,15,27,12,Delayed,Valid,Funding shortfall,Amey,Jacobs,27,Valid
PRJ-182,LA110,Valid,Coventry City Council,West Midlands,Solar Farm,Coventry Solar Farm 2023,2023-01-05,2025-11-11,2025-11-05,NULL,NULL,31677000.00,NULL,NULL,34,NULL,NULL,Planning,Valid,NULL,Wates Group,AECOM,14,Valid
PRJ-183,LA009,Valid,Wellingborough Borough Council,East Midlands,Housing Development,Wellingborough Housing Development 2023,2023-07-05,2025-04-08,2028-04-05,2025-04-26,2028-04-05,74235000.00,82195000.00,7960000.00,57,57,0,Completed,Valid,NULL,Mulalley,Atkins,100,Valid
PRJ-184,LA043,Valid,London Borough of Brent,London,Flood Defence,London Flood Defence 2018,2018-10-21,2019-01-19,2020-01-21,NULL,2021-02-21,31215000.00,34884000.00,3669000.00,15,28,13,Ongoing,Valid,Weather disruption,Kier Group,Turner & Townsend,92,Valid
PRJ-185,LA086,Valid,Medway Council,South East,Cycle Lane,Medway Cycle Lane 2023,2023-02-18,2024-07-13,2024-07-18,NULL,2026-01-18,22377000.00,33902000.00,11525000.00,17,35,18,Ongoing,Valid,Supply chain delays,Laing O'Rourke,Atkins,61,Valid
PRJ-186,LA146,Valid,South Ribble Borough Council,North West,Park Regeneration,South Park Regeneration 2018,2018-05-20,2021-03-03,2022-03-20,NULL,2022-04-20,27349000.00,NULL,NULL,46,47,1,Planning,Invalid - Actual Duration in Planning,Design changes,Balfour Beatty,Capita,1,Valid
PRJ-187,LA143,Valid,Malvern Hills District Council,West Midlands,Waste Processing Plant,Malvern Waste Processing Plant 2022,2022-10-01,2023-08-12,2024-08-01,NULL,2024-11-01,41905000.00,40949000.00,-956000.00,22,25,3,Delayed,Valid,Contractor issues,Kier Group,Arup,23,Valid
PRJ-188,LA016,Valid,Gedling Borough Council,East Midlands,Road Widening,Gedling Road Widening 2023,2023-06-13,2024-06-02,2024-06-13,NULL,2025-11-13,11356000.00,11756000.00,400000.00,12,29,17,Ongoing,Valid,Design changes,Galliford Try,Capita,77,Valid
PRJ-189,LA020,Valid,Luton Borough Council,East of England,Park Regeneration,Luton Park Regeneration 2020,2020-04-05,2024-11-23,2024-11-05,NULL,2025-05-05,85855000.00,NULL,NULL,55,61,6,Planning,Invalid - Actual Duration in Planning,Planning disputes,Mace Group,Mott MacDonald,10,Valid
PRJ-190,LA118,Valid,Worcester City Council,West Midlands,Cycle Lane,Worcester Cycle Lane 2018,2018-09-19,2022-01-12,2023-01-19,2023-01-18,2023-01-19,11833000.00,18277000.00,6444000.00,52,52,0,Completed,Valid,NULL,Balfour Beatty,AECOM,100,Valid
PRJ-191,LA139,Valid,Harrogate Borough Council,Yorkshire and The Humber,Park Regeneration,Harrogate Park Regeneration 2022,2022-12-24,2023-08-02,2024-08-24,NULL,2024-10-24,74709000.00,109513000.00,34804000.00,20,22,2,Delayed,Valid,Funding shortfall,Bowmer + Kirkland,Arcadis,20,Valid
PRJ-192,LA089,Valid,Eastbourne Borough Council,South East,Solar Farm,Eastbourne Solar Farm 2019,2019-03-11,2023-04-27,2023-08-11,2024-04-10,2023-08-11,48279000.00,68368000.00,20089000.00,53,53,0,Completed,Valid,NULL,Amey,AECOM,100,Valid
PRJ-193,LA028,Valid,Harlow District Council,East of England,Flood Defence,Harlow Flood Defence 2018,2018-07-26,2022-08-01,2022-08-26,2023-08-01,2022-08-26,29124000.00,43075000.00,13951000.00,49,49,0,Completed,Valid,NULL,Wates Group,Arup,100,Valid
PRJ-194,LA028,Valid,Harlow District Council,East of England,Road Widening,Harlow Road Widening 2019,2019-08-13,2023-03-15,2024-03-13,NULL,2024-12-13,57429000.00,69114000.00,11685000.00,55,64,9,Ongoing,Valid,Weather disruption,Robertson Group,Turner & Townsend,71,Valid
PRJ-195,LA127,Valid,Bradford Metropolitan District Council,Yorkshire and The Humber,Cycle Lane,Bradford Cycle Lane 2023,2023-10-08,2025-04-17,2026-06-08,NULL,2026-09-08,68150000.00,106402000.00,38252000.00,32,35,3,Ongoing,Valid,Weather disruption,Amey,Arcadis,63,Valid
PRJ-196,LA017,Valid,Norwich City Council,East of England,Cycle Lane,Norwich Cycle Lane 2018,2018-05-14,2019-12-15,2019-12-14,NULL,2020-05-14,48768000.00,58193000.00,9425000.00,19,24,5,Ongoing,Valid,Weather disruption,Morgan Sindall,Jacobs,63,Valid
PRJ-197,LA091,Valid,Worthing Borough Council,South East,Waste Processing Plant,Worthing Waste Processing Plant 2022,2022-10-20,2024-12-01,2024-12-20,2025-12-25,2024-12-20,79258000.00,79336000.00,78000.00,26,26,0,Completed,Valid,NULL,Seddon,Stantec,NULL,Unknown
PRJ-198,LA029,Valid,Stevenage Borough Council,East of England,Housing Development,Stevenage Housing Development 2022,2022-05-13,2022-11-24,2022-11-13,NULL,2022-12-13,55332000.00,86707000.00,31375000.00,6,7,1,Delayed,Valid,Supply chain delays,Mulalley,Arcadis,13,Valid
PRJ-199,LA053,Valid,North Tyneside Metropolitan Borough Council,North East,Waste Processing Plant,North Waste Processing Plant 2023,2023-12-24,2025-11-09,2028-11-24,NULL,2030-05-24,6400000.00,8996000.00,2596000.00,59,77,18,Delayed,Valid,Land acquisition,Wates Group,Turner & Townsend,39,Valid
PRJ-200,LA121,Valid,Lichfield District Council,West Midlands,Park Regeneration,Lichfield Park Regeneration 2022,2022-12-07,2023-12-07,2023-12-07,NULL,2024-04-07,67914000.00,NULL,NULL,12,16,4,Planning,Invalid - Actual Duration in Planning,Design changes,Seddon,AECOM,19,Valid
PRJ-201,LA114,Valid,Walsall Metropolitan Borough Council,West Midlands,Housing Development,Walsall Housing Development 2021,2021-02-03,2023-10-05,2023-05-03,NULL,2024-10-03,36749000.00,38906000.00,2157000.00,27,44,17,Delayed,Valid,Weather disruption,Skanska UK,Mott MacDonald,10,Valid
PRJ-202,LA131,Valid,Calderdale Metropolitan Borough Council,Yorkshire and The Humber,Waste Processing Plant,Calderdale Waste Processing Plant 2020,2020-05-26,2022-11-15,2022-11-26,2023-11-16,2022-11-26,73124000.00,99391000.00,26267000.00,30,30,0,Completed,Valid,NULL,Skanska UK,Capita,100,Valid
PRJ-203,LA045,Valid,London Borough of Enfield,London,Waste Processing Plant,London Waste Processing Plant 2023,2023-01-11,2023-10-27,2023-10-11,NULL,2025-03-11,94007000.00,152058000.00,58051000.00,9,26,17,Delayed,Valid,Supply chain delays,Bowmer + Kirkland,Atkins,25,Valid
PRJ-204,LA046,Valid,Royal Borough of Kingston upon Thames,London,Digital Broadband Rollout,Royal Digital Broadband Rollout 2020,2020-03-26,2024-08-26,2024-08-26,NULL,2026-01-26,70462000.00,75711000.00,5249000.00,53,70,17,Delayed,Valid,Land acquisition,Sir Robert McAlpine,Arup,40,Valid
PRJ-205,LA089,Valid,Eastbourne Borough Council,South East,Cycle Lane,Eastbourne Cycle Lane 2019,2019-03-02,2021-06-07,2021-06-02,NULL,2022-08-02,82676000.00,97612000.00,14936000.00,27,41,14,Ongoing,Valid,Weather disruption,Kier Group,Arup,63,Valid
PRJ-206,LA107,Valid,Stroud District Council,South West,Solar Farm,Stroud Solar Farm 2018,2018-09-28,2018-05-24,2019-05-28,NULL,2020-02-28,86249000.00,82141000.00,-4108000.00,8,17,9,Ongoing,Valid,Design changes,Morgan Sindall,Arup,97,Valid
PRJ-207,LA092,Valid,Crawley Borough Council,South East,Flood Defence,Crawley Flood Defence 2021,2021-03-01,2023-05-15,2023-05-01,NULL,2023-07-01,20472000.00,32428000.00,11956000.00,26,28,2,Ongoing,Valid,Funding shortfall,Sir Robert McAlpine,Turner & Townsend,93,Valid
PRJ-208,LA147,Valid,Chorley Borough Council,North West,Waste Processing Plant,Chorley Waste Processing Plant 2018,2018-10-15,2022-12-13,2022-12-15,NULL,2023-08-15,64234000.00,89311000.00,25077000.00,50,58,8,Delayed,Valid,Design changes,Robertson Group,Turner & Townsend,70,Valid
PRJ-209,LA136,Valid,East Riding of Yorkshire Council,Yorkshire and The Humber,Cycle Lane,East Cycle Lane 2018,2018-10-22,2018-05-23,2019-05-22,2019-05-18,2019-05-22,71353000.00,90163000.00,18810000.00,7,7,0,Completed,Valid,NULL,Wates Group,Stantec,100,Valid
PRJ-210,LA134,Valid,Rotherham Metropolitan Borough Council,Yorkshire and The Humber,School Rebuild,Rotherham School Rebuild 2021,2021-04-16,2025-01-14,2026-01-16,NULL,2026-08-16,36909000.00,36260000.00,-649000.00,57,64,7,Delayed,Valid,Community objection,Skanska UK,Jacobs,35,Valid
PRJ-211,LA054,Valid,Middlesbrough Council,North East,Park Regeneration,Middlesbrough Park Regeneration 2023,2023-03-20,2023-12-06,2023-12-20,NULL,2025-08-20,34684000.00,51114000.00,16430000.00,9,29,20,Delayed,Valid,Weather disruption,Balfour Beatty,Arcadis,23,Valid
PRJ-212,LA094,Valid,Plymouth City Council,South West,Waste Processing Plant,Plymouth Waste Processing Plant 2023,2023-07-09,2024-04-19,2025-02-09,NULL,2025-06-09,89756000.00,NULL,NULL,19,23,4,Planning,Invalid - Actual Duration in Planning,Contractor issues,Costain,Turner & Townsend,16,Valid
PRJ-213,LA052,Valid,South Tyneside Metropolitan Borough Council,North East,Park Regeneration,South Park Regeneration 2020,2020-01-04,2022-03-20,2022-03-04,NULL,2022-04-04,78633000.00,NULL,NULL,26,27,1,Planning,Invalid - Actual Duration in Planning,Funding shortfall,Bowmer + Kirkland,Jacobs,3,Valid
PRJ-214,LA118,Valid,Worcester City Council,West Midlands,Housing Development,Worcester Housing Development 2022,2022-05-23,2025-01-22,2027-01-23,2025-01-17,2027-01-23,628000.00,990000.00,362000.00,56,56,0,Completed,Valid,NULL,Balfour Beatty,AECOM,100,Valid
PRJ-215,LA067,Valid,Tameside Metropolitan Borough Council,North West,Housing Development,Tameside Housing Development 2022,2022-04-17,2025-06-22,2025-06-17,NULL,2025-06-17,54949000.00,58056000.00,3107000.00,38,38,0,Delayed,Valid,NULL,Wates Group,WSP,29,Valid
PRJ-216,LA077,Valid,Brighton and Hove City Council,South East,Solar Farm,Brighton Solar Farm 2018,2018-11-27,2022-01-01,2023-01-27,NULL,2024-08-27,53294000.00,68332000.00,15038000.00,50,69,19,Ongoing,Valid,Land acquisition,Morgan Sindall,Stantec,NULL,Unknown
PRJ-217,LA101,Valid,Dorset Council,South West,Park Regeneration,Dorset Park Regeneration 2022,2022-02-07,2025-01-14,2027-01-07,NULL,2028-09-07,18245000.00,25798000.00,7553000.00,59,79,20,Ongoing,Valid,Land acquisition,Mulalley,Turner & Townsend,-10,Invalid
PRJ-218,LA075,Valid,Burnley Borough Council,North West,Waste Processing Plant,Burnley Waste Processing Plant 2023,2023-05-09,2024-11-06,2024-06-09,NULL,2025-04-09,93612000.00,97432000.00,3820000.00,13,23,10,Delayed,Valid,Supply chain delays,Sir Robert McAlpine,Atkins,27,Valid
PRJ-219,LA057,Valid,Darlington Borough Council,North East,Flood Defence,Darlington Flood Defence 2021,2021-10-23,2024-02-17,2025-02-23,2025-02-27,2025-02-23,61853000.00,81057000.00,19204000.00,40,40,0,Completed,Valid,NULL,Galliford Try,Mott MacDonald,100,Valid
PRJ-220,LA091,Valid,Worthing Borough Council,South East,Park Regeneration,Worthing Park Regeneration 2020,2020-10-27,2024-08-04,2025-04-27,2025-04-14,2025-04-27,76076000.00,114387000.00,38311000.00,54,54,0,Completed,Valid,NULL,Balfour Beatty,Arcadis,100,Valid
PRJ-221,LA143,Valid,Malvern Hills District Council,West Midlands,Park Regeneration,Malvern Park Regeneration 2019,2019-03-20,2023-07-12,2023-12-20,2024-03-12,2023-12-20,49758000.00,53033000.00,3275000.00,57,57,0,Completed,Valid,NULL,Skanska UK,Jacobs,100,Valid
PRJ-222,LA114,Valid,Walsall Metropolitan Borough Council,West Midlands,Rail Upgrade,Walsall Rail Upgrade 2023,2023-06-15,2024-04-18,2025-04-15,NULL,2025-06-15,16002000.00,22419000.00,6417000.00,22,24,2,Ongoing,Valid,Community objection,Sir Robert McAlpine,Arup,NULL,Unknown
PRJ-223,LA101,Valid,Dorset Council,South West,School Rebuild,Dorset School Rebuild 2023,2023-11-16,2025-07-12,2025-12-16,NULL,2026-12-16,92646000.00,115820000.00,23174000.00,25,37,12,Ongoing,Valid,Land acquisition,Bowmer + Kirkland,Atkins,87,Valid
PRJ-224,LA018,Valid,Ipswich Borough Council,East of England,Road Widening,Ipswich Road Widening 2021,2021-12-07,2023-08-18,2024-08-07,NULL,NULL,76266000.00,NULL,NULL,32,NULL,NULL,Planning,Valid,NULL,Mace Group,Mott MacDonald,3,Valid
PRJ-225,LA132,Valid,Barnsley Metropolitan Borough Council,Yorkshire and The Humber,Park Regeneration,Barnsley Park Regeneration 2018,2018-01-12,2021-11-06,2021-11-12,NULL,2021-11-12,79854000.00,79176000.00,-678000.00,46,46,0,Delayed,Valid,NULL,Wates Group,AECOM,28,Valid
PRJ-226,LA027,Valid,Basildon Borough Council,East of England,School Rebuild,Basildon School Rebuild 2022,2022-09-10,2025-12-07,2026-12-10,NULL,2027-02-10,46363000.00,NULL,NULL,51,53,2,Planning,Invalid - Actual Duration in Planning,Land acquisition,Bowmer + Kirkland,Jacobs,16,Valid
PRJ-227,LA023,Valid,Thurrock Council,East of England,Solar Farm,Thurrock Solar Farm 2019,2019-10-02,2022-10-06,2023-06-02,NULL,2023-07-02,42245000.00,NULL,NULL,44,45,1,Planning,Invalid - Actual Duration in Planning,Scope change,Skanska UK,WSP,0,Valid
PRJ-228,LA148,Valid,West Lancashire Borough Council,North West,Road Widening,West Road Widening 2022,2022-08-15,2025-05-27,2027-05-15,2025-05-17,2027-05-15,16193000.00,24560000.00,8367000.00,57,57,0,Completed,Valid,NULL,Mace Group,Arcadis,100,Valid
PRJ-229,LA077,Valid,Brighton and Hove City Council,South East,School Rebuild,Brighton School Rebuild 2022,2022-03-02,2025-07-20,2025-07-02,2025-07-08,2025-07-02,65108000.00,79653000.00,14545000.00,40,40,0,Completed,Valid,NULL,Amey,Capita,100,Valid
PRJ-230,LA034,Valid,London Borough of Camden,London,Flood Defence,London Flood Defence 2018,2018-02-25,2021-12-17,2021-12-25,NULL,2023-01-25,23156000.00,24071000.00,915000.00,46,59,13,Ongoing,Valid,Planning disputes,Laing O'Rourke,WSP,95,Valid
PRJ-231,LA045,Valid,London Borough of Enfield,London,Housing Development,London Housing Development 2023,2023-08-04,2023-03-18,2024-03-04,NULL,2024-07-04,39134000.00,NULL,NULL,7,11,4,Planning,Invalid - Actual Duration in Planning,Funding shortfall,Skanska UK,Arcadis,13,Valid
PRJ-232,LA046,Valid,Royal Borough of Kingston upon Thames,London,Flood Defence,Royal Flood Defence 2022,2022-12-25,2025-06-11,2027-06-25,NULL,2027-07-25,17835000.00,19866000.00,2031000.00,54,55,1,Ongoing,Valid,Contractor issues,Mulalley,Capita,78,Valid
PRJ-233,LA061,Valid,Manchester City Council,North West,School Rebuild,Manchester School Rebuild 2018,2018-11-16,2019-09-18,2020-09-16,NULL,2021-10-16,11735000.00,16031000.00,4296000.00,22,35,13,Delayed,Valid,Land acquisition,Robertson Group,Arup,35,Valid
PRJ-234,LA003,Valid,Leicester City Council,East Midlands,Cycle Lane,Leicester Cycle Lane 2020,2020-06-24,2021-05-09,2022-05-24,NULL,2022-08-24,16912000.00,NULL,NULL,23,26,3,Planning,Invalid - Actual Duration in Planning,Land acquisition,Galliford Try,Mott MacDonald,3,Valid
PRJ-235,LA037,Valid,London Borough of Newham,London,Solar Farm,London Solar Farm 2023,2023-01-20,2025-02-10,2025-02-20,NULL,2025-11-20,21745000.00,24896000.00,3151000.00,25,34,9,Ongoing,Valid,Community objection,Morgan Sindall,Mott MacDonald,99,Valid
PRJ-236,LA038,Valid,London Borough of Islington,London,Road Widening,London Road Widening 2023,2023-07-03,2025-02-23,2027-02-03,NULL,2027-05-03,43256000.00,NULL,NULL,43,46,3,Planning,Invalid - Actual Duration in Planning,Planning disputes,Amey,Atkins,18,Valid
PRJ-237,LA041,Valid,London Borough of Lewisham,London,Solar Farm,London Solar Farm 2019,2019-12-11,2023-03-13,2024-03-11,NULL,2025-03-11,94347000.00,103595000.00,9248000.00,51,63,12,Delayed,Valid,Design changes,Costain,Arup,37,Valid
PRJ-238,LA130,Valid,Kirklees Metropolitan Council,Yorkshire and The Humber,Road Widening,Kirklees Road Widening 2022,2022-10-06,2025-06-19,2026-06-06,NULL,2027-12-06,40194000.00,60273000.00,20079000.00,44,62,18,Ongoing,Valid,Land acquisition,Mace Group,WSP,70,Valid
PRJ-239,LA018,Valid,Ipswich Borough Council,East of England,Solar Farm,Ipswich Solar Farm 2020,2020-03-18,2022-04-07,2022-04-18,NULL,2022-12-18,17645000.00,18788000.00,1143000.00,25,33,8,Delayed,Valid,Environmental assessment,Wates Group,Turner & Townsend,14,Valid
PRJ-240,LA123,Valid,Cannock Chase District Council,West Midlands,Hospital Expansion,Cannock Hospital Expansion 2020,2020-03-18,2020-12-02,2020-12-18,2021-05-12,2020-12-18,40165000.00,53579000.00,13414000.00,9,9,0,Completed,Valid,NULL,Mace Group,Capita,100,Valid
PRJ-241,LA213,Invalid - Broken FK,Swindon Borough Council,South West,Bridge Repair,Swindon Bridge Repair 2022,2022-10-14,2025-05-07,2027-07-14,NULL,NULL,42123000.00,NULL,NULL,57,NULL,NULL,Planning,Valid,NULL,Kier Group,Turner & Townsend,-10,Invalid
PRJ-242,LA025,Valid,Colchester Borough Council,East of England,Rail Upgrade,Colchester Rail Upgrade 2023,2023-08-25,2024-01-22,2025-01-25,NULL,2025-02-25,23298000.00,32492000.00,9194000.00,17,18,1,Delayed,Valid,Community objection,Galliford Try,Capita,NULL,Unknown
PRJ-243,LA073,Valid,Blackpool Borough Council,North West,Solar Farm,Blackpool Solar Farm 2020,2020-03-07,2022-06-18,2022-06-07,NULL,2022-10-07,67537000.00,76498000.00,8961000.00,27,31,4,Delayed,Valid,Scope change,Galliford Try,Mott MacDonald,66,Valid
PRJ-244,LA107,Valid,Stroud District Council,South West,Cycle Lane,Stroud Cycle Lane 2019,2019-05-05,2020-11-20,2020-11-05,NULL,2021-01-05,75934000.00,NULL,NULL,18,20,2,Planning,Invalid - Actual Duration in Planning,Community objection,Kier Group,Arcadis,NULL,Unknown
PRJ-245,LA104,Valid,Somerset West and Taunton Council,South West,Solar Farm,Somerset Solar Farm 2020,2020-03-01,2024-08-08,2024-10-01,2025-08-18,2024-10-01,94138000.00,97070000.00,2932000.00,55,55,0,Completed,Valid,NULL,Laing O'Rourke,Stantec,100,Valid
PRJ-246,LA021,Valid,Peterborough City Council,East of England,Hospital Expansion,Peterborough Hospital Expansion 2021,2021-03-16,2024-09-27,2024-09-16,NULL,2025-10-16,68554000.00,67410000.00,-1144000.00,42,55,13,Ongoing,Valid,Funding shortfall,Laing O'Rourke,Atkins,92,Valid
PRJ-247,LA105,Valid,South Gloucestershire Council,South West,Road Widening,South Road Widening 2018,2018-01-23,2020-01-07,2020-01-23,NULL,2020-05-23,16750000.00,NULL,NULL,24,28,4,Planning,Invalid - Actual Duration in Planning,Planning disputes,Laing O'Rourke,WSP,4,Valid
PRJ-248,LA097,Valid,Cheltenham Borough Council,South West,Flood Defence,Cheltenham Flood Defence 2022,2022-10-26,2023-08-15,2024-08-26,2024-08-28,2024-08-26,48506000.00,57310000.00,8804000.00,22,22,0,Completed,Valid,NULL,Balfour Beatty,AECOM,100,Valid
PRJ-249,LA123,Valid,Cannock Chase District Council,West Midlands,School Rebuild,Cannock School Rebuild 2020,2020-07-17,2020-02-22,2021-02-17,NULL,2022-07-17,49405000.00,53901000.00,4496000.00,7,24,17,Delayed,Valid,Weather disruption,Mace Group,Capita,44,Valid
PRJ-250,LA106,Valid,North Somerset Council,South West,Road Widening,North Road Widening 2023,2023-11-01,2025-03-22,2027-03-01,NULL,2029-03-01,51867000.00,66211000.00,14344000.00,40,64,24,Ongoing,Valid,Environmental assessment,Galliford Try,Atkins,96,Valid
PRJ-251,LA044,Valid,London Borough of Harrow,London,Housing Development,London Housing Development 2019,2019-07-06,2019-02-10,2020-03-06,NULL,NULL,57537000.00,NULL,NULL,8,NULL,NULL,Planning,Valid,NULL,Mulalley,Capita,1,Valid
PRJ-252,LA025,Valid,Colchester Borough Council,East of England,Road Widening,Colchester Road Widening 2023,2023-11-28,2024-05-15,2025-05-28,NULL,2026-03-28,37495000.00,41894000.00,4399000.00,18,28,10,Delayed,Valid,Land acquisition,Skanska UK,Stantec,36,Valid
PRJ-253,LA009,Valid,Wellingborough Borough Council,East Midlands,Digital Broadband Rollout,Wellingborough Digital Broadband Rollout 2018,2018-11-11,2019-11-24,2019-11-11,NULL,2020-03-11,89340000.00,NULL,NULL,12,16,4,Planning,Invalid - Actual Duration in Planning,Planning disputes,Robertson Group,Jacobs,5,Valid
PRJ-254,LA041,Valid,London Borough of Lewisham,London,Waste Processing Plant,London Waste Processing Plant 2019,2019-08-08,2021-01-26,2022-01-08,NULL,2023-05-08,67477000.00,70587000.00,3110000.00,29,45,16,Ongoing,Valid,Land acquisition,Morgan Sindall,WSP,61,Valid
PRJ-255,LA067,Valid,Tameside Metropolitan Borough Council,North West,Hospital Expansion,Tameside Hospital Expansion 2020,2020-06-27,2023-11-07,2023-11-27,NULL,2024-08-27,75047000.00,99265000.00,24218000.00,41,50,9,Delayed,Valid,Funding shortfall,Laing O'Rourke,Arcadis,34,Valid
PRJ-256,LA017,Valid,Norwich City Council,East of England,Hospital Expansion,Norwich Hospital Expansion 2022,2022-01-25,2025-08-03,2025-08-25,NULL,2025-10-25,75102000.00,NULL,NULL,43,45,2,Planning,Invalid - Actual Duration in Planning,Design changes,Balfour Beatty,Stantec,10,Valid
PRJ-258,LA014,Valid,Newark and Sherwood District Council,East Midlands,Flood Defence,Newark Flood Defence 2023,2023-03-09,2024-07-19,2025-01-09,NULL,2026-04-09,63646000.00,78462000.00,14816000.00,22,37,15,Ongoing,Valid,Funding shortfall,Amey,Atkins,88,Valid
PRJ-259,LA034,Valid,London Borough of Camden,London,Bridge Repair,London Bridge Repair 2019,2019-10-12,2023-09-18,2024-09-12,NULL,2025-12-12,72451000.00,91255000.00,18804000.00,59,74,15,Ongoing,Valid,Scope change,Laing O'Rourke,Jacobs,85,Valid
PRJ-260,LA030,Valid,Watford Borough Council,East of England,Solar Farm,Watford Solar Farm 2023,2023-12-05,2024-10-10,2025-10-05,2025-10-28,2025-10-05,24966000.00,35684000.00,10718000.00,22,22,0,Completed,Valid,NULL,Kier Group,Turner & Townsend,100,Valid
PRJ-261,LA124,Valid,Redditch Borough Council,West Midlands,Digital Broadband Rollout,Redditch Digital Broadband Rollout 2022,2022-12-08,2024-10-07,2025-10-08,2025-10-21,2025-10-08,22951000.00,36013000.00,13062000.00,34,34,0,Completed,Valid,NULL,Laing O'Rourke,Atkins,100,Valid
PRJ-262,LA016,Valid,Gedling Borough Council,East Midlands,Housing Development,Gedling Housing Development 2023,2023-08-20,2025-01-06,2027-01-20,2025-01-18,2027-01-20,65065000.00,102575000.00,37510000.00,41,41,0,Completed,Valid,NULL,Wates Group,Jacobs,100,Valid
PRJ-263,LA046,Valid,Royal Borough of Kingston upon Thames,London,Rail Upgrade,Royal Rail Upgrade 2018,2018-07-16,2019-07-08,2019-07-16,NULL,2019-10-16,39317000.00,NULL,NULL,12,15,3,Planning,Invalid - Actual Duration in Planning,Design changes,Laing O'Rourke,Turner & Townsend,13,Valid
PRJ-264,LA020,Valid,Luton Borough Council,East of England,Park Regeneration,Luton Park Regeneration 2019,2019-02-22,2020-02-17,2020-02-22,2021-02-03,2020-02-22,3424000.00,5255000.00,1831000.00,12,12,0,Completed,Valid,NULL,Costain,Turner & Townsend,100,Valid
PRJ-265,LA099,Valid,Bath and North East Somerset Council,South West,Rail Upgrade,Bath Rail Upgrade 2020,2020-11-28,2020-07-26,2021-07-28,NULL,NULL,80387000.00,NULL,NULL,8,NULL,NULL,Planning,Valid,NULL,Galliford Try,Atkins,10,Valid
PRJ-266,LA123,Valid,Cannock Chase District Council,West Midlands,Housing Development,Cannock Housing Development 2021,2021-08-21,2023-01-05,2024-05-21,2024-05-18,2024-05-21,66097000.00,64327000.00,-1770000.00,33,33,0,Completed,Valid,NULL,Mace Group,Turner & Townsend,100,Valid
PRJ-267,LA126,Valid,Sheffield City Council,Yorkshire and The Humber,Housing Development,Sheffield Housing Development 2020,2020-10-25,2021-09-13,2022-09-25,NULL,2022-09-25,52169000.00,66427000.00,14258000.00,23,23,0,Delayed,Valid,NULL,Sir Robert McAlpine,Arcadis,29,Valid
PRJ-268,LA061,Valid,Manchester City Council,North West,Solar Farm,Manchester Solar Farm 2019,2019-06-18,2021-04-13,2022-04-18,2022-04-02,2022-04-18,3210000.00,5233000.00,2023000.00,34,34,0,Completed,Valid,NULL,Laing O'Rourke,Arup,100,Valid
PRJ-269,LA030,Valid,Watford Borough Council,East of England,Road Widening,Watford Road Widening 2023,2023-05-23,2025-06-02,2026-06-23,2025-06-21,2026-06-23,45755000.00,47339000.00,1584000.00,37,37,0,Completed,Valid,NULL,Amey,Jacobs,100,Valid
PRJ-270,LA143,Valid,Malvern Hills District Council,West Midlands,Bridge Repair,Malvern Bridge Repair 2021,2021-01-25,2025-03-13,2025-03-25,NULL,2025-06-25,13039000.00,18567000.00,5528000.00,50,53,3,Delayed,Valid,Weather disruption,Laing O'Rourke,Atkins,56,Valid
PRJ-271,LA017,Valid,Norwich City Council,East of England,Digital Broadband Rollout,Norwich Digital Broadband Rollout 2023,2023-10-27,2025-08-02,2028-02-27,NULL,2029-04-27,17672000.00,26966000.00,9294000.00,52,66,14,Delayed,Valid,Community objection,Sir Robert McAlpine,Jacobs,13,Valid
PRJ-272,LA137,Valid,North Yorkshire County Council,Yorkshire and The Humber,Hospital Expansion,North Hospital Expansion 2018,2018-02-21,2019-08-04,2019-08-21,NULL,2019-11-21,45474000.00,NULL,NULL,18,21,3,Planning,Invalid - Actual Duration in Planning,Land acquisition,Morgan Sindall,Arcadis,4,Valid
PRJ-273,LA057,Valid,Darlington Borough Council,North East,Bridge Repair,Darlington Bridge Repair 2023,2023-01-05,2025-01-19,2026-09-05,NULL,2028-08-05,93192000.00,126161000.00,32969000.00,44,67,23,Delayed,Valid,Design changes,Galliford Try,Stantec,55,Valid
PRJ-274,LA038,Valid,London Borough of Islington,London,Digital Broadband Rollout,London Digital Broadband Rollout 2023,2023-05-15,2025-10-18,2027-10-15,NULL,2029-02-15,47118000.00,62511000.00,15393000.00,53,69,16,Ongoing,Valid,Design changes,Mace Group,Atkins,67,Valid
PRJ-275,LA083,Valid,Oxford City Council,South East,School Rebuild,Oxford School Rebuild 2018,2018-04-26,2022-09-04,2022-09-26,NULL,NULL,25204000.00,NULL,NULL,53,NULL,NULL,Planning,Valid,NULL,Robertson Group,Stantec,20,Valid
PRJ-276,LA005,Valid,Chesterfield Borough Council,East Midlands,School Rebuild,Chesterfield School Rebuild 2020,2020-08-14,2020-05-15,2021-05-14,2021-05-19,2021-05-14,19614000.00,30518000.00,10904000.00,9,9,0,Completed,Valid,NULL,Bowmer + Kirkland,Jacobs,150,Invalid
PRJ-277,LA111,Valid,Wolverhampton City Council,West Midlands,Road Widening,Wolverhampton Road Widening 2018,2018-10-21,2019-04-23,2020-04-21,NULL,2020-11-21,65046000.00,93242000.00,28196000.00,18,25,7,Delayed,Valid,Planning disputes,Laing O'Rourke,Stantec,41,Valid
PRJ-278,LA079,Valid,Portsmouth City Council,South East,Housing Development,Portsmouth Housing Development 2022,2022-02-19,2022-10-25,2022-10-19,NULL,2024-07-19,68749000.00,101638000.00,32889000.00,8,29,21,Delayed,Valid,Weather disruption,Seddon,Atkins,46,Valid
PRJ-279,LA240,Invalid - Broken FK,Harlow District Council,East of England,Cycle Lane,Harlow Cycle Lane 2019,2019-09-26,2021-02-18,2022-02-26,NULL,2023-09-26,22805000.00,37318000.00,14513000.00,29,48,19,Ongoing,Valid,Planning disputes,Wates Group,Turner & Townsend,96,Valid
PRJ-280,LA103,Valid,Torbay Council,South West,Hospital Expansion,Torbay Hospital Expansion 2023,2023-12-15,2024-12-09,2024-12-15,NULL,2026-03-15,88426000.00,106149000.00,17723000.00,12,27,15,Delayed,Valid,Weather disruption,Balfour Beatty,Jacobs,17,Valid
PRJ-281,LA089,Valid,Eastbourne Borough Council,South East,School Rebuild,Eastbourne School Rebuild 2019,2019-08-27,2020-06-06,2021-06-27,2021-06-23,2021-06-27,32743000.00,33571000.00,828000.00,22,22,0,Completed,Valid,NULL,Seddon,Stantec,100,Valid
PRJ-282,LA117,Valid,Telford and Wrekin Council,West Midlands,Digital Broadband Rollout,Telford Digital Broadband Rollout 2021,2021-11-04,2022-12-20,2022-12-04,NULL,2023-06-04,94182000.00,NULL,NULL,13,19,6,Planning,Invalid - Actual Duration in Planning,Land acquisition,Morgan Sindall,Jacobs,NULL,Unknown
PRJ-283,LA077,Valid,Brighton and Hove City Council,South East,Flood Defence,Brighton Flood Defence 2023,2023-01-15,2024-08-12,2024-12-15,2025-12-19,2024-12-15,51401000.00,81047000.00,29646000.00,23,23,0,Completed,Valid,NULL,Seddon,Arcadis,100,Valid
PRJ-284,LA100,Valid,Wiltshire Council,South West,Road Widening,Wiltshire Road Widening 2023,2023-08-24,2025-04-27,2026-04-24,NULL,2026-05-24,13747000.00,NULL,NULL,32,33,1,Planning,Invalid - Actual Duration in Planning,Scope change,Kier Group,Mott MacDonald,15,Valid
PRJ-285,LA090,Valid,Hastings Borough Council,South East,Housing Development,Hastings Housing Development 2019,2019-06-14,2022-12-07,2022-07-14,2023-07-19,2022-07-14,82658000.00,107797000.00,25139000.00,37,37,0,Completed,Valid,NULL,Sir Robert McAlpine,Capita,100,Valid
PRJ-286,LA044,Valid,London Borough of Harrow,London,Park Regeneration,London Park Regeneration 2023,2023-05-05,2025-02-23,2027-02-05,NULL,2027-08-05,7531000.00,NULL,NULL,45,51,6,Planning,Invalid - Actual Duration in Planning,Weather disruption,Seddon,Atkins,18,Valid
PRJ-287,LA132,Valid,Barnsley Metropolitan Borough Council,Yorkshire and The Humber,Rail Upgrade,Barnsley Rail Upgrade 2018,2018-04-28,2019-04-15,2019-04-28,2020-04-07,2019-04-28,46046000.00,60890000.00,14844000.00,12,12,0,Completed,Valid,NULL,Mace Group,Stantec,100,Valid
PRJ-288,LA140,Valid,Selby District Council,Yorkshire and The Humber,Cycle Lane,Selby Cycle Lane 2019,2019-08-22,2020-04-24,2021-04-22,NULL,2022-09-22,63946000.00,96458000.00,32512000.00,20,37,17,Delayed,Valid,Environmental assessment,Sir Robert McAlpine,Stantec,19,Valid
PRJ-289,LA016,Valid,Gedling Borough Council,East Midlands,Solar Farm,Gedling Solar Farm 2021,2021-03-23,2022-04-26,2022-04-23,NULL,2022-12-23,56034000.00,63840000.00,7806000.00,13,21,8,Delayed,Valid,Design changes,Seddon,Stantec,43,Valid
PRJ-290,LA035,Valid,London Borough of Hackney,London,Flood Defence,London Flood Defence 2020,2020-12-24,2022-11-27,2023-11-24,NULL,2025-08-24,32770000.00,53024000.00,20254000.00,35,56,21,Ongoing,Valid,Community objection,Mace Group,AECOM,63,Valid
PRJ-291,LA136,Valid,East Riding of Yorkshire Council,Yorkshire and The Humber,Solar Farm,East Solar Farm 2023,2023-03-12,2025-01-06,2027-01-12,2025-01-08,2027-01-12,22931000.00,23748000.00,817000.00,46,46,0,Completed,Valid,NULL,Robertson Group,Arup,100,Valid
PRJ-292,LA111,Valid,Wolverhampton City Council,West Midlands,Hospital Expansion,Wolverhampton Hospital Expansion 2020,2020-02-01,2022-08-28,2022-08-01,NULL,2022-11-01,77948000.00,NULL,NULL,30,33,3,Planning,Invalid - Actual Duration in Planning,Weather disruption,Mulalley,WSP,18,Valid
PRJ-293,LA102,Valid,Cornwall Council,South West,Solar Farm,Cornwall Solar Farm 2020,2020-04-18,2021-05-01,2022-01-18,NULL,2023-05-18,40992000.00,48806000.00,7814000.00,21,37,16,Ongoing,Valid,Design changes,Amey,Capita,77,Valid
PRJ-294,LA092,Valid,Crawley Borough Council,South East,Solar Farm,Crawley Solar Farm 2018,2018-08-28,2021-12-24,2021-12-28,NULL,2022-04-28,85317000.00,102386000.00,17069000.00,40,44,4,Ongoing,Valid,Design changes,Seddon,Arup,77,Valid
PRJ-295,LA018,Valid,Ipswich Borough Council,East of England,Digital Broadband Rollout,Ipswich Digital Broadband Rollout 2019,2019-02-24,2021-01-12,2022-01-24,NULL,2022-02-24,94086000.00,121928000.00,27842000.00,35,36,1,Ongoing,Valid,Contractor issues,Seddon,Arcadis,80,Valid
PRJ-296,LA062,Valid,Liverpool City Council,North West,Hospital Expansion,Liverpool Hospital Expansion 2020,2020-07-24,2024-08-12,2024-12-24,NULL,2026-08-24,81940000.00,112308000.00,30368000.00,53,73,20,Ongoing,Valid,Environmental assessment,Laing O'Rourke,Stantec,83,Valid
PRJ-297,LA096,Valid,Gloucester City Council,South West,Hospital Expansion,Gloucester Hospital Expansion 2021,2021-12-12,2021-10-27,2022-10-12,NULL,2023-07-12,25970000.00,30420000.00,4450000.00,10,19,9,Delayed,Valid,Planning disputes,Skanska UK,Capita,28,Valid
PRJ-298,LA034,Valid,London Borough of Camden,London,Bridge Repair,London Bridge Repair 2019,2019-06-20,2020-06-22,2020-06-20,NULL,2020-11-20,74058000.00,115539000.00,41481000.00,12,17,5,Delayed,Valid,Community objection,Costain,Stantec,30,Valid
PRJ-299,LA082,Valid,Milton Keynes Council,South East,Road Widening,Milton Road Widening 2018,2018-12-17,2020-12-26,2020-12-17,NULL,2022-04-17,7568000.00,9801000.00,2233000.00,24,40,16,Ongoing,Valid,Planning disputes,Robertson Group,Jacobs,89,Valid
PRJ-300,LA237,Invalid - Broken FK,Derby City Council,East Midlands,Housing Development,Derby Housing Development 2023,2023-08-03,2024-05-09,2025-05-03,NULL,2025-11-03,33860000.00,NULL,NULL,21,27,6,Planning,Invalid - Actual Duration in Planning,Planning disputes,Amey,Mott MacDonald,14,Valid
