record_id,council_id,council_name,region_name,survey_year,road_type,total_road_length_km,pct_good_condition,pct_satisfactory,pct_poor,pct_very_poor,survey_quality_flag,avg_condition_score,maintenance_backlog_GBP,survey_date
RC-0001,LA085,Maidstone Borough Council,South East,2019,Motorway,146.90,47.30,16.60,9.40,26.70,Good,0.59600000,43952000.00,2019-03-26
RC-0002,LA085,Maidstone Borough Council,South East,2020,A Road,344.20,60.00,26.90,24.30,0.00,Bad Survey Input,0.82200000,1226000.00,2020-03-11
RC-0003,LA096,Gloucester City Council,South West,2022,Unclassified,130.20,20.00,21.40,8.60,50.00,Good,0.35000000,56046000.00,2022-08-22
RC-0004,LA096,Gloucester City Council,South West,2019,A Road,272.70,46.10,32.00,22.10,0.00,Bad Survey Input,0.70800000,NULL,2019-02-23
RC-0005,LA096,Gloucester City Council,South West,2023,Motorway,582.30,48.60,27.80,9.40,14.20,Good,0.67600000,42640000.00,2023-10-21
RC-0006,LA114,Walsall Metropolitan Borough Council,West Midlands,2019,C Road,597.50,55.70,22.90,21.80,0.00,Bad Survey Input,0.74900000,11780000.00,2019-08-27
RC-0007,LA114,Walsall Metropolitan Borough Council,West Midlands,2023,C Road,421.70,33.80,19.90,17.40,28.90,Good,0.50100000,26988000.00,2023-02-05
RC-0008,LA114,Walsall Metropolitan Borough Council,West Midlands,2022,Motorway,622.30,21.40,38.20,15.30,25.10,Good,0.48100000,47550000.00,2022-02-14
RC-0009,LA114,Walsall Metropolitan Borough Council,West Midlands,2021,Unclassified,800.40,36.90,37.90,21.90,3.30,Good,0.65100000,12400000.00,2021-12-18
RC-0010,LA114,Walsall Metropolitan Borough Council,West Midlands,2020,Motorway,574.70,55.90,36.30,8.40,0.00,Bad Survey Input,0.79800000,47436000.00,2020-01-27
RC-0011,LA109,Birmingham City Council,West Midlands,2022,Unclassified,681.40,54.80,24.40,23.30,0.00,Bad Survey Input,0.75300000,36349000.00,2022-04-05
RC-0012,LA109,Birmingham City Council,West Midlands,2021,C Road,812.70,43.90,38.10,15.50,2.50,Good,0.70600000,46921000.00,2021-08-22
RC-0013,LA109,Birmingham City Council,West Midlands,2023,A Road,554.20,45.10,32.90,21.90,0.10,Good,0.70300000,56609000.00,2023-01-14
RC-0014,LA109,Birmingham City Council,West Midlands,2019,B Road,264.80,44.50,19.50,16.80,19.20,Good,0.60400000,74999000.00,2019-05-08
RC-0015,LA120,Shropshire Council,West Midlands,2019,B Road,219.50,32.60,16.90,16.40,34.10,Good,0.46800000,84639000.00,2019-08-15
RC-0016,LA120,Shropshire Council,West Midlands,2021,C Road,720.70,52.30,37.80,9.70,0.20,Good,0.77400000,82626000.00,2021-05-03
RC-0017,LA120,Shropshire Council,West Midlands,2023,B Road,781.30,37.50,29.10,23.20,10.20,Good,0.60800000,39099000.00,2023-01-07
RC-0018,LA093,Bristol City Council,South West,2022,Unclassified,360.30,24.80,31.70,18.40,25.10,Good,0.48400000,44640000.00,2022-09-21
RC-0019,LA093,Bristol City Council,South West,2021,Unclassified,759.00,31.50,31.80,6.00,30.70,Good,0.52100000,83333000.00,2021-10-15
RC-0020,LA102,Cornwall Council,South West,2020,Unclassified,375.80,59.30,20.00,11.80,8.90,Good,0.74200000,17027000.00,2020-03-06
RC-0021,LA102,Cornwall Council,South West,2023,Motorway,738.60,55.60,39.20,23.90,0.00,Bad Survey Input,0.85100000,2081000.00,2023-06-18
RC-0022,LA036,London Borough of Tower Hamlets,London,2019,A Road,647.10,40.30,16.30,5.70,37.70,Good,0.51500000,65350000.00,2019-02-16
RC-0023,LA036,London Borough of Tower Hamlets,London,2020,Unclassified,169.20,49.50,19.80,6.20,24.50,Good,0.62900000,33325000.00,2020-06-15
RC-0024,LA036,London Borough of Tower Hamlets,London,2023,B Road,656.90,48.20,15.60,24.10,12.10,Good,0.63600000,NULL,2023-10-13
RC-0025,LA036,London Borough of Tower Hamlets,London,2022,B Road,792.90,28.30,21.00,16.30,34.40,Good,0.45000000,83288000.00,2022-01-06
RC-0026,LA036,London Borough of Tower Hamlets,London,2021,A Road,416.90,54.60,24.60,10.50,10.30,Good,0.72000000,27432000.00,2021-02-20
RC-0027,LA090,Hastings Borough Council,South East,2022,A Road,792.60,24.30,18.90,21.40,35.40,Good,0.41000000,56876000.00,2022-01-13
RC-0028,LA090,Hastings Borough Council,South East,2019,Motorway,211.90,56.60,39.80,19.10,0.00,Bad Survey Input,0.85300000,60874000.00,2019-01-27
RC-0029,LA090,Hastings Borough Council,South East,2021,C Road,296.20,27.00,30.10,12.30,30.60,Good,0.48100000,11440000.00,2021-09-23
RC-0030,LA131,Calderdale Metropolitan Borough Council,Yorkshire and The Humber,2019,B Road,527.10,42.40,33.20,16.00,8.40,Good,0.66300000,10784000.00,2019-03-24
RC-0031,LA131,Calderdale Metropolitan Borough Council,Yorkshire and The Humber,2023,A Road,276.50,54.90,15.10,24.80,5.20,Good,0.70200000,NULL,2023-07-27
RC-0032,LA104,Somerset West and Taunton Council,South West,2021,B Road,605.30,52.10,32.50,7.00,8.40,Good,0.73400000,80023000.00,2021-10-02
RC-0033,LA104,Somerset West and Taunton Council,South West,2022,A Road,488.30,45.80,28.80,8.30,17.10,Good,0.65200000,26140000.00,2022-11-27
RC-0034,LA104,Somerset West and Taunton Council,South West,2019,Motorway,81.70,59.10,35.00,12.90,0.00,Bad Survey Input,0.83300000,7275000.00,2019-08-13
RC-0035,LA001,Derby City Council,East Midlands,2019,A Road,602.20,26.70,38.00,5.60,29.70,Good,0.50900000,65874000.00,2019-06-10
RC-0036,LA001,Derby City Council,East Midlands,2022,Motorway,385.80,59.50,21.70,15.80,3.00,Good,0.76500000,3976000.00,2022-08-18
RC-0037,LA001,Derby City Council,East Midlands,2023,Unclassified,598.70,20.40,18.30,15.80,45.50,Good,0.35300000,66687000.00,2023-09-26
RC-0038,LA148,West Lancashire Borough Council,North West,2021,Unclassified,49.70,42.50,39.30,6.50,11.70,Good,0.67700000,NULL,2021-10-23
RC-0039,LA148,West Lancashire Borough Council,North West,2019,B Road,598.00,23.10,30.60,6.30,40.00,Good,0.43000000,81770000.00,2019-07-05
RC-0040,LA148,West Lancashire Borough Council,North West,2020,Unclassified,289.30,40.90,26.60,6.00,26.50,Good,0.58400000,71910000.00,2020-03-15
RC-0041,LA054,Middlesbrough Council,North East,2019,B Road,230.70,55.80,15.60,12.20,16.40,Good,0.68200000,20717000.00,2019-09-06
RC-0042,LA054,Middlesbrough Council,North East,2023,C Road,551.10,58.80,34.00,13.00,0.00,Bad Survey Input,0.82400000,22695000.00,2023-06-17
RC-0043,LA012,Melton Borough Council,East Midlands,2020,Unclassified,271.70,51.10,16.40,22.40,10.10,Good,0.66500000,10985000.00,2020-10-24
RC-0044,LA012,Melton Borough Council,East Midlands,2021,Unclassified,239.10,39.40,25.60,21.00,14.00,Good,0.60000000,66826000.00,2021-10-10
RC-0045,LA012,Melton Borough Council,East Midlands,2022,C Road,444.00,31.20,36.20,24.90,7.70,Good,0.59100000,11062000.00,2022-01-11
RC-0046,LA034,London Borough of Camden,London,2019,A Road,590.10,31.10,28.60,8.40,31.90,Good,0.50400000,54393000.00,2019-05-01
RC-0047,LA034,London Borough of Camden,London,2021,B Road,437.90,29.80,19.90,23.00,27.30,Good,0.47500000,11526000.00,2021-07-14
RC-0048,LA034,London Borough of Camden,London,2023,C Road,87.80,55.70,30.00,7.50,6.80,Good,0.75600000,74661000.00,2023-03-24
RC-0049,LA078,Southampton City Council,South East,2021,C Road,210.00,57.20,35.80,19.80,0.00,Bad Survey Input,0.83600000,41270000.00,2021-08-17
RC-0050,LA078,Southampton City Council,South East,2020,B Road,569.60,23.80,33.00,14.00,29.20,Good,0.47100000,57136000.00,2020-07-06
RC-0051,LA078,Southampton City Council,South East,2022,B Road,553.00,41.30,37.60,20.60,0.50,Good,0.69000000,52598000.00,2022-03-20
RC-0052,LA112,Dudley Metropolitan Borough Council,West Midlands,2019,Unclassified,148.80,39.80,20.90,6.60,32.70,Good,0.54000000,44331000.00,2019-11-01
RC-0053,LA112,Dudley Metropolitan Borough Council,West Midlands,2022,A Road,603.00,51.40,28.10,23.10,0.00,Bad Survey Input,0.74000000,82824000.00,2022-11-15
RC-0054,LA150,Hyndburn Borough Council,North West,2019,A Road,231.80,53.50,24.00,10.40,12.10,Good,0.70500000,23319000.00,2019-09-23
RC-0055,LA150,Hyndburn Borough Council,North West,2020,B Road,205.70,25.00,28.10,6.40,40.50,Good,0.43500000,82133000.00,2020-12-22
RC-0056,LA150,Hyndburn Borough Council,North West,2023,A Road,832.80,52.90,39.70,7.70,0.00,Bad Survey Input,0.78600000,78146000.00,2023-06-09
RC-0057,LA147,Chorley Borough Council,North West,2019,C Road,708.30,39.30,37.90,12.80,10.00,Good,0.65200000,48111000.00,2019-11-17
RC-0058,LA147,Chorley Borough Council,North West,2023,A Road,126.10,58.60,16.50,7.90,17.00,Good,0.70500000,79961000.00,2023-08-28
RC-0059,LA147,Chorley Borough Council,North West,2020,C Road,630.60,26.40,27.90,24.90,20.80,Good,0.49400000,72978000.00,2020-09-22
RC-0060,LA032,Hertsmere Borough Council,East of England,2022,C Road,784.50,57.40,23.80,21.40,0.00,Bad Survey Input,0.77000000,78400000.00,2022-06-05
RC-0061,LA032,Hertsmere Borough Council,East of England,2021,B Road,190.40,29.00,28.90,8.90,33.20,Good,0.48600000,22654000.00,2021-10-16
RC-0062,LA032,Hertsmere Borough Council,East of England,2023,B Road,68.50,27.30,17.20,7.30,48.20,Good,0.39400000,61918000.00,2023-06-19
RC-0063,LA024,Chelmsford City Council,East of England,2023,Unclassified,527.80,35.30,26.70,17.10,20.90,Good,0.55600000,42559000.00,2023-03-18
RC-0064,LA024,Chelmsford City Council,East of England,2021,A Road,541.90,52.10,15.20,12.10,20.60,Good,0.64200000,70901000.00,2021-02-10
RC-0065,LA024,Chelmsford City Council,East of England,2019,B Road,300.40,40.50,33.90,20.50,5.10,Good,0.66000000,NULL,2019-04-22
RC-0066,LA024,Chelmsford City Council,East of England,2020,C Road,511.90,48.60,19.40,18.90,13.10,Good,0.65000000,68308000.00,2020-07-21
RC-0067,LA024,Chelmsford City Council,East of England,2022,C Road,765.70,52.90,18.00,10.20,18.90,Good,0.66200000,NULL,2022-05-17
RC-0068,LA149,Rossendale Borough Council,North West,2019,B Road,115.40,56.40,24.00,21.20,0.00,Bad Survey Input,0.76100000,11143000.00,2019-10-28
RC-0069,LA149,Rossendale Borough Council,North West,2020,Motorway,31.50,21.00,35.90,5.50,37.60,Good,0.43900000,53904000.00,2020-07-10
RC-0070,LA149,Rossendale Borough Council,North West,2021,C Road,653.40,38.90,16.90,16.00,28.20,Good,0.53000000,80766000.00,2021-05-18
RC-0071,LA149,Rossendale Borough Council,North West,2023,Unclassified,285.80,31.20,25.80,16.70,26.30,Good,0.50900000,60388000.00,2023-01-23
RC-0072,LA149,Rossendale Borough Council,North West,2022,Unclassified,591.60,21.40,39.20,8.90,30.50,Good,0.47100000,NULL,2022-11-10
RC-0073,LA081,Slough Borough Council,South East,2019,Motorway,425.10,41.30,31.80,18.90,8.00,Good,0.65100000,2621000.00,2019-10-03
RC-0074,LA081,Slough Borough Council,South East,2020,A Road,133.50,45.60,37.30,23.20,0.00,Bad Survey Input,0.73800000,3474000.00,2020-10-22
RC-0075,LA081,Slough Borough Council,South East,2022,Motorway,590.30,49.00,39.90,13.20,0.00,Bad Survey Input,0.76200000,59922000.00,2022-01-26
RC-0076,LA138,Scarborough Borough Council,Yorkshire and The Humber,2021,B Road,434.20,45.60,29.40,8.20,16.80,Good,0.65300000,71207000.00,2021-11-05
RC-0077,LA138,Scarborough Borough Council,Yorkshire and The Humber,2023,C Road,409.00,39.90,34.20,10.70,15.20,Good,0.63100000,14187000.00,2023-03-07
RC-0078,LA138,Scarborough Borough Council,Yorkshire and The Humber,2019,Unclassified,742.10,33.00,37.30,19.80,9.90,Good,0.60300000,18649000.00,2019-03-09
RC-0079,LA138,Scarborough Borough Council,Yorkshire and The Humber,2022,B Road,632.30,50.90,16.20,15.70,17.20,Good,0.64500000,72231000.00,2022-12-14
RC-0080,LA121,Lichfield District Council,West Midlands,2019,C Road,178.10,35.30,30.40,11.90,22.40,Good,0.56500000,18585000.00,2019-10-06
RC-0081,LA121,Lichfield District Council,West Midlands,2020,B Road,690.80,41.00,25.30,19.50,14.20,Good,0.61100000,11770000.00,2020-01-15
RC-0082,LA033,City of London Corporation,London,2022,C Road,90.60,22.00,32.50,6.00,39.50,Good,0.43000000,51756000.00,2022-08-24
RC-0083,LA033,City of London Corporation,London,2021,B Road,333.60,52.50,24.90,13.10,9.50,Good,0.70700000,NULL,2021-12-22
RC-0084,LA033,City of London Corporation,London,2019,C Road,537.80,50.30,21.60,20.80,7.30,Good,0.68500000,NULL,2019-07-15
RC-0085,LA044,London Borough of Harrow,London,2020,Unclassified,234.90,22.40,31.50,15.50,30.60,Good,0.45200000,78801000.00,2020-04-03
RC-0086,LA044,London Borough of Harrow,London,2022,Unclassified,39.20,22.30,36.90,11.20,29.60,Good,0.47200000,84106000.00,2022-01-21
RC-0087,LA044,London Borough of Harrow,London,2023,A Road,97.30,22.40,24.90,23.70,29.00,Good,0.43300000,67971000.00,2023-06-10
RC-0088,LA060,Redcar and Cleveland Borough Council,North East,2020,A Road,784.30,42.90,21.00,19.40,16.70,Good,0.60400000,47546000.00,2020-08-20
RC-0089,LA060,Redcar and Cleveland Borough Council,North East,2023,B Road,834.00,44.10,25.30,16.10,14.50,Good,0.63300000,43516000.00,2023-04-15
RC-0090,LA060,Redcar and Cleveland Borough Council,North East,2019,Unclassified,31.60,28.40,26.20,24.80,20.60,Good,0.50300000,42749000.00,2019-04-06
RC-0091,LA060,Redcar and Cleveland Borough Council,North East,2022,B Road,220.30,59.10,25.40,22.40,0.00,Bad Survey Input,0.79900000,70625000.00,2022-06-25
RC-0092,LA072,Preston City Council,North West,2020,C Road,402.80,29.40,21.60,9.20,39.80,Good,0.44700000,9684000.00,2020-12-01
RC-0093,LA072,Preston City Council,North West,2022,C Road,842.10,49.10,37.00,10.20,3.70,Good,0.73800000,65038000.00,2022-07-23
RC-0094,LA072,Preston City Council,North West,2019,C Road,303.30,54.20,38.00,9.90,0.00,Bad Survey Input,0.79500000,2415000.00,2019-06-07
RC-0095,LA052,South Tyneside Metropolitan Borough Council,North East,2023,C Road,600.70,45.70,18.50,15.20,20.60,Good,0.60600000,36642000.00,2023-03-11
RC-0096,LA052,South Tyneside Metropolitan Borough Council,North East,2022,C Road,106.70,44.40,32.50,23.30,0.00,Bad Survey Input,0.69700000,8037000.00,2022-03-04
RC-0097,LA143,Malvern Hills District Council,West Midlands,2019,A Road,227.40,23.80,31.80,16.50,27.90,Good,0.47000000,4096000.00,2019-07-10
RC-0098,LA143,Malvern Hills District Council,West Midlands,2023,C Road,703.40,35.10,37.30,22.30,5.30,Good,0.63100000,79847000.00,2023-10-26
RC-0099,LA098,Swindon Borough Council,South West,2020,A Road,631.50,40.30,29.50,22.00,8.20,Good,0.63500000,23978000.00,2020-09-05
RC-0100,LA098,Swindon Borough Council,South West,2023,Motorway,819.50,50.50,19.80,24.30,5.40,Good,0.68500000,58295000.00,2023-05-25
RC-0101,LA098,Swindon Borough Council,South West,2021,A Road,655.20,20.00,22.80,16.30,40.90,Good,0.37800000,998000.00,2021-01-22
RC-0102,LA098,Swindon Borough Council,South West,2022,B Road,688.50,36.10,23.90,13.90,26.10,Good,0.53900000,NULL,2022-02-10
RC-0103,LA098,Swindon Borough Council,South West,2019,Motorway,234.20,30.40,16.20,9.30,44.10,Good,0.42400000,61453000.00,2019-05-01
RC-0104,LA069,Wigan Metropolitan Borough Council,North West,2022,Unclassified,185.40,24.40,20.20,8.70,46.70,Good,0.38700000,12512000.00,2022-01-12
RC-0105,LA069,Wigan Metropolitan Borough Council,North West,2019,Motorway,17.70,55.50,36.80,17.50,0.00,Bad Survey Input,0.82000000,38728000.00,2019-11-18
RC-0106,LA087,Thanet District Council,South East,2022,Motorway,67.00,43.40,39.60,16.40,0.60,Good,0.71300000,34382000.00,2022-12-15
RC-0107,LA087,Thanet District Council,South East,2021,C Road,339.70,35.70,24.20,13.20,26.90,Good,0.53500000,74048000.00,2021-11-18
RC-0108,LA099,Bath and North East Somerset Council,South West,2019,A Road,181.60,53.70,26.70,9.00,10.60,Good,0.72000000,48683000.00,2019-10-11
RC-0109,LA099,Bath and North East Somerset Council,South West,2020,Unclassified,693.20,42.00,28.90,8.80,20.30,Good,0.61500000,81672000.00,2020-11-14
RC-0110,LA123,Cannock Chase District Council,West Midlands,2020,Motorway,404.10,35.80,28.00,20.70,15.50,Good,0.57800000,22625000.00,2020-12-13
RC-0111,LA123,Cannock Chase District Council,West Midlands,2023,B Road,570.00,49.80,19.60,18.30,12.30,Good,0.66100000,12216000.00,2023-01-13
RC-0112,LA128,Hull City Council,Yorkshire and The Humber,2022,Unclassified,86.30,40.70,32.70,20.80,5.80,Good,0.65500000,63505000.00,2022-11-16
RC-0113,LA128,Hull City Council,Yorkshire and The Humber,2019,B Road,299.70,46.80,25.10,8.00,20.10,Good,0.63900000,28239000.00,2019-12-07
RC-0114,LA128,Hull City Council,Yorkshire and The Humber,2020,Motorway,127.30,23.10,27.10,12.70,37.10,Good,0.42500000,NULL,2020-11-14
RC-0115,LA128,Hull City Council,Yorkshire and The Humber,2023,B Road,775.00,40.60,38.80,13.10,7.50,Good,0.67200000,19841000.00,2023-10-03
RC-0116,LA128,Hull City Council,Yorkshire and The Humber,2021,Motorway,181.90,30.80,18.80,22.30,28.10,Good,0.47700000,78206000.00,2021-02-22
RC-0117,LA064,Oldham Metropolitan Borough Council,North West,2023,Unclassified,167.40,20.10,17.50,10.50,51.90,Good,0.33200000,57443000.00,2023-09-20
RC-0118,LA027,Basildon Borough Council,East of England,2023,Unclassified,369.70,58.00,26.60,20.90,0.00,Bad Survey Input,0.79200000,24237000.00,2023-07-10
RC-0119,LA027,Basildon Borough Council,East of England,2019,B Road,694.50,51.00,17.30,21.00,10.70,Good,0.66600000,4051000.00,2019-12-20
RC-0120,LA027,Basildon Borough Council,East of England,2020,Unclassified,261.10,50.70,28.00,21.10,0.20,Good,0.72800000,24475000.00,2020-03-04
RC-0121,LA129,Wakefield Metropolitan District Council,Yorkshire and The Humber,2020,Motorway,96.60,23.40,26.60,16.00,34.00,Good,0.43400000,83455000.00,2020-08-18
RC-0122,LA129,Wakefield Metropolitan District Council,Yorkshire and The Humber,2022,A Road,271.00,28.10,23.10,18.70,30.10,Good,0.46600000,8045000.00,2022-07-12
RC-0123,LA074,Blackburn with Darwen Borough Council,North West,2019,C Road,622.70,58.30,29.50,18.30,0.00,Bad Survey Input,0.80600000,NULL,2019-08-13
RC-0124,LA074,Blackburn with Darwen Borough Council,North West,2020,Unclassified,93.60,50.80,34.70,23.80,0.00,Bad Survey Input,0.77600000,66237000.00,2020-11-07
RC-0125,LA127,Bradford Metropolitan District Council,Yorkshire and The Humber,2020,Unclassified,780.10,28.40,29.80,6.70,35.10,Good,0.48000000,11073000.00,2020-09-23
RC-0126,LA051,Gateshead Metropolitan Borough Council,North East,2019,C Road,636.30,35.50,37.90,23.00,3.60,Good,0.64000000,NULL,2019-06-22
RC-0127,LA051,Gateshead Metropolitan Borough Council,North East,2020,Unclassified,562.10,45.20,20.50,18.10,16.20,Good,0.62000000,13258000.00,2020-10-21
RC-0128,LA051,Gateshead Metropolitan Borough Council,North East,2021,Motorway,129.60,42.30,24.60,17.70,15.40,Good,0.61500000,45786000.00,2021-03-24
RC-0129,LA051,Gateshead Metropolitan Borough Council,North East,2022,B Road,721.00,43.50,30.80,10.80,14.90,Good,0.64700000,18518000.00,2022-09-27
RC-0130,LA051,Gateshead Metropolitan Borough Council,North East,2023,C Road,374.90,25.20,23.50,15.10,36.20,Good,0.43100000,82234000.00,2023-08-16
RC-0131,LA066,Stockport Metropolitan Borough Council,North West,2019,A Road,457.90,26.00,36.20,23.60,14.20,Good,0.53600000,12425000.00,2019-02-07
RC-0132,LA139,Harrogate Borough Council,Yorkshire and The Humber,2021,C Road,210.70,22.90,31.30,8.30,37.50,Good,0.43800000,77320000.00,2021-01-02
RC-0133,LA139,Harrogate Borough Council,Yorkshire and The Humber,2023,Motorway,27.20,31.30,39.90,9.70,19.10,Good,0.57700000,15779000.00,2023-06-27
RC-0134,LA142,Bromsgrove District Council,West Midlands,2019,A Road,638.10,38.30,34.10,16.10,11.50,Good,0.62800000,76588000.00,2019-04-10
RC-0135,LA142,Bromsgrove District Council,West Midlands,2023,Motorway,282.00,37.00,38.30,22.70,2.00,Good,0.65700000,76848000.00,2023-06-12
RC-0136,LA142,Bromsgrove District Council,West Midlands,2021,Motorway,293.40,28.20,23.70,7.30,40.80,Good,0.44200000,5576000.00,2021-12-08
RC-0137,LA142,Bromsgrove District Council,West Midlands,2020,C Road,566.50,25.10,25.50,13.80,35.60,Good,0.43900000,46215000.00,2020-01-19
RC-0138,LA142,Bromsgrove District Council,West Midlands,2022,Motorway,416.30,21.60,29.30,17.00,32.10,Good,0.43400000,1742000.00,2022-09-19
RC-0139,LA083,Oxford City Council,South East,2022,Motorway,81.40,34.40,18.40,10.30,36.90,Good,0.48000000,11823000.00,2022-04-06
RC-0140,LA084,Canterbury City Council,South East,2022,Motorway,755.70,51.10,16.10,8.10,24.70,Good,0.62800000,21810000.00,2022-09-24
RC-0141,LA084,Canterbury City Council,South East,2021,Motorway,376.30,23.60,29.30,10.00,37.10,Good,0.43700000,58804000.00,2021-11-13
RC-0142,LA084,Canterbury City Council,South East,2019,Unclassified,198.40,38.40,22.20,16.40,23.00,Good,0.55800000,45880000.00,2019-01-17
RC-0143,LA084,Canterbury City Council,South East,2023,B Road,450.70,59.50,19.30,12.50,8.70,Good,0.74200000,67596000.00,2023-02-14
RC-0144,LA048,London Borough of Merton,London,2019,B Road,256.20,29.20,21.50,13.80,35.50,Good,0.45600000,70921000.00,2019-04-19
RC-0145,LA048,London Borough of Merton,London,2020,B Road,480.10,58.70,34.70,15.70,0.00,Bad Survey Input,0.83400000,33729000.00,2020-06-08
RC-0146,LA048,London Borough of Merton,London,2021,Unclassified,31.00,22.70,30.40,16.70,30.20,Good,0.45100000,NULL,2021-01-01
RC-0147,LA048,London Borough of Merton,London,2022,Motorway,472.70,49.80,33.60,18.00,0.00,Bad Survey Input,0.74500000,680000.00,2022-05-14
RC-0148,LA048,London Borough of Merton,London,2023,C Road,511.30,52.50,35.10,15.90,0.00,Bad Survey Input,0.77500000,42038000.00,2023-09-23
RC-0149,LA137,North Yorkshire County Council,Yorkshire and The Humber,2020,Unclassified,530.50,51.10,21.10,11.70,16.10,Good,0.66700000,61027000.00,2020-06-02
RC-0150,LA137,North Yorkshire County Council,Yorkshire and The Humber,2021,C Road,481.30,26.80,28.20,7.90,37.10,Good,0.45700000,46639000.00,2021-03-13
RC-0151,LA137,North Yorkshire County Council,Yorkshire and The Humber,2022,B Road,454.40,55.80,33.80,20.70,0.00,Bad Survey Input,0.81300000,67529000.00,2022-09-26
RC-0152,LA006,Lincoln City Council,East Midlands,2023,B Road,180.60,22.50,35.40,13.60,28.50,Good,0.47100000,53311000.00,2023-08-01
RC-0153,LA006,Lincoln City Council,East Midlands,2020,A Road,356.50,59.90,32.30,8.70,0.00,Bad Survey Input,0.81500000,37473000.00,2020-09-24
RC-0154,LA006,Lincoln City Council,East Midlands,2019,Unclassified,388.60,46.20,22.40,21.60,9.80,Good,0.65000000,49794000.00,2019-01-22
RC-0155,LA004,Northampton Borough Council,East Midlands,2021,C Road,718.40,25.80,36.80,24.80,12.60,Good,0.54100000,6422000.00,2021-11-05
RC-0156,LA004,Northampton Borough Council,East Midlands,2020,C Road,688.00,36.70,22.70,24.10,16.50,Good,0.56300000,66228000.00,2020-07-26
RC-0157,LA004,Northampton Borough Council,East Midlands,2022,C Road,376.00,55.30,34.90,8.00,1.80,Good,0.78200000,29381000.00,2022-06-11
RC-0158,LA144,Wyre Borough Council,North West,2021,B Road,508.90,59.80,37.20,11.00,0.00,Bad Survey Input,0.84900000,72656000.00,2021-09-27
RC-0159,LA144,Wyre Borough Council,North West,2022,Unclassified,95.30,56.80,37.60,12.30,0.00,Bad Survey Input,0.82400000,54737000.00,2022-09-01
RC-0160,LA092,Crawley Borough Council,South East,2023,A Road,224.40,20.90,25.70,8.30,45.10,Good,0.38400000,37126000.00,2023-07-14
RC-0161,LA092,Crawley Borough Council,South East,2022,Unclassified,483.50,55.30,35.40,21.40,0.00,Bad Survey Input,0.81900000,NULL,2022-03-11
RC-0162,LA140,Selby District Council,Yorkshire and The Humber,2022,B Road,231.80,35.20,16.30,8.20,40.30,Good,0.47000000,12285000.00,2022-05-23
RC-0163,LA140,Selby District Council,Yorkshire and The Humber,2021,B Road,770.90,40.00,35.50,8.60,15.90,Good,0.63500000,62972000.00,2021-11-10
RC-0164,LA140,Selby District Council,Yorkshire and The Humber,2020,B Road,815.80,28.10,17.70,5.50,48.70,Good,0.40100000,74414000.00,2020-06-27
RC-0165,LA080,Reading Borough Council,South East,2020,A Road,735.30,52.20,30.40,24.70,0.00,Bad Survey Input,0.76600000,7977000.00,2020-09-18
RC-0166,LA080,Reading Borough Council,South East,2023,B Road,703.80,53.40,34.00,8.20,4.40,Good,0.75800000,68783000.00,2023-07-11
RC-0167,LA124,Redditch Borough Council,West Midlands,2020,A Road,845.60,22.60,34.70,12.10,30.60,Good,0.46400000,12625000.00,2020-05-15
RC-0168,LA124,Redditch Borough Council,West Midlands,2023,Motorway,799.60,41.40,31.00,19.60,8.00,Good,0.64900000,69696000.00,2023-11-27
RC-0169,LA047,London Borough of Richmond upon Thames,London,2020,C Road,686.80,34.90,38.80,8.30,18.00,Good,0.60300000,68474000.00,2020-12-15
RC-0170,LA047,London Borough of Richmond upon Thames,London,2023,Motorway,465.00,54.50,34.40,13.10,0.00,Bad Survey Input,0.78400000,24465000.00,2023-12-23
RC-0171,LA141,Wyre Forest District Council,West Midlands,2023,Unclassified,514.00,38.40,15.20,23.30,23.10,Good,0.53300000,NULL,2023-10-06
RC-0172,LA049,Newcastle upon Tyne City Council,North East,2019,C Road,513.50,49.20,19.00,23.60,8.20,Good,0.66500000,32261000.00,2019-08-13
RC-0173,LA049,Newcastle upon Tyne City Council,North East,2020,B Road,722.00,40.50,37.80,6.00,15.70,Good,0.64700000,73747000.00,2020-06-09
RC-0174,LA049,Newcastle upon Tyne City Council,North East,2023,Motorway,586.30,48.50,36.50,22.90,0.00,Bad Survey Input,0.76100000,NULL,2023-03-04
RC-0175,LA050,Sunderland City Council,North East,2023,Motorway,544.50,34.40,37.40,21.80,6.40,Good,0.62300000,77310000.00,2023-11-08
RC-0176,LA050,Sunderland City Council,North East,2021,A Road,180.60,41.30,33.80,15.20,9.70,Good,0.65400000,72057000.00,2021-05-24
RC-0177,LA130,Kirklees Metropolitan Council,Yorkshire and The Humber,2019,Unclassified,357.40,36.70,18.60,24.20,20.50,Good,0.53900000,13199000.00,2019-05-10
RC-0178,LA130,Kirklees Metropolitan Council,Yorkshire and The Humber,2022,Motorway,328.20,31.00,33.80,12.20,23.00,Good,0.54300000,54652000.00,2022-05-20
RC-0179,LA039,London Borough of Southwark,London,2022,A Road,500.60,30.60,21.50,6.30,41.60,Good,0.45100000,82510000.00,2022-07-22
RC-0180,LA039,London Borough of Southwark,London,2023,Motorway,692.50,33.00,27.50,17.70,21.80,Good,0.53900000,26917000.00,2023-02-12
RC-0181,LA040,London Borough of Lambeth,London,2023,A Road,211.00,58.10,20.90,10.00,11.00,Good,0.73100000,29923000.00,2023-07-10
RC-0182,LA040,London Borough of Lambeth,London,2019,B Road,498.80,49.10,34.10,20.50,0.00,Bad Survey Input,0.74700000,15342000.00,2019-12-12
RC-0183,LA040,London Borough of Lambeth,London,2022,A Road,144.90,51.30,39.30,22.60,0.00,Bad Survey Input,0.80500000,58629000.00,2022-10-12
RC-0184,LA040,London Borough of Lambeth,London,2021,C Road,271.50,58.50,37.20,15.50,0.00,Bad Survey Input,0.84700000,69243000.00,2021-12-09
RC-0185,LA026,Braintree District Council,East of England,2020,C Road,206.20,54.90,38.60,7.10,0.00,Bad Survey Input,0.79800000,21862000.00,2020-08-09
RC-0186,LA067,Tameside Metropolitan Borough Council,North West,2019,C Road,573.70,57.60,18.10,13.70,10.60,Good,0.71900000,11720000.00,2019-03-26
RC-0187,LA135,York City of Council,Yorkshire and The Humber,2023,Motorway,245.60,34.10,24.30,7.40,34.20,Good,0.50500000,80716000.00,2023-08-19
RC-0188,LA135,York City of Council,Yorkshire and The Humber,2019,C Road,547.30,24.60,19.70,13.40,42.30,Good,0.39800000,57546000.00,2019-02-12
RC-0189,LA057,Darlington Borough Council,North East,2020,Unclassified,190.30,40.30,20.10,7.80,31.80,Good,0.54300000,5343000.00,2020-03-04
RC-0190,LA057,Darlington Borough Council,North East,2023,A Road,826.20,33.90,38.60,6.10,21.40,Good,0.58600000,21885000.00,2023-09-17
RC-0191,LA010,Hinckley and Bosworth Borough Council,East Midlands,2019,Unclassified,398.30,53.90,29.00,17.00,0.10,Good,0.75500000,38998000.00,2019-03-04
RC-0192,LA010,Hinckley and Bosworth Borough Council,East Midlands,2022,Unclassified,461.60,56.00,28.00,20.90,0.00,Bad Survey Input,0.78000000,22592000.00,2022-03-06
RC-0193,LA010,Hinckley and Bosworth Borough Council,East Midlands,2020,Unclassified,101.70,34.30,32.40,18.90,14.40,Good,0.58500000,61499000.00,2020-08-14
RC-0194,LA122,Tamworth Borough Council,West Midlands,2021,C Road,684.70,32.40,32.80,24.50,10.30,Good,0.58200000,41151000.00,2021-02-28
RC-0195,LA122,Tamworth Borough Council,West Midlands,2020,Unclassified,778.50,27.50,15.90,15.20,41.40,Good,0.40800000,59781000.00,2020-08-17
RC-0196,LA122,Tamworth Borough Council,West Midlands,2019,C Road,749.10,48.50,26.90,16.20,8.40,Good,0.68700000,21333000.00,2019-08-24
RC-0197,LA122,Tamworth Borough Council,West Midlands,2022,A Road,431.40,48.40,25.90,5.10,20.60,Good,0.65200000,42023000.00,2022-12-12
RC-0198,LA136,East Riding of Yorkshire Council,Yorkshire and The Humber,2021,C Road,686.90,59.50,16.50,14.20,9.80,Good,0.73000000,24272000.00,2021-04-09
RC-0199,LA136,East Riding of Yorkshire Council,Yorkshire and The Humber,2019,B Road,830.70,57.00,31.10,23.40,0.00,Bad Survey Input,0.81500000,67088000.00,2019-11-24
RC-0200,LA145,Fylde Borough Council,North West,2020,A Road,635.10,23.10,21.30,18.40,37.20,Good,0.40500000,53277000.00,2020-03-03
RC-0201,LA145,Fylde Borough Council,North West,2022,Unclassified,145.00,27.20,15.20,5.20,52.40,Good,0.37600000,83784000.00,2022-09-01
RC-0202,LA145,Fylde Borough Council,North West,2019,B Road,49.00,28.10,33.80,23.50,14.60,Good,0.54300000,46113000.00,2019-03-10
RC-0203,LA145,Fylde Borough Council,North West,2023,Motorway,376.90,42.90,26.50,19.40,11.20,Good,0.63600000,5837000.00,2023-01-24
RC-0204,LA076,Lancaster City Council,North West,2022,C Road,650.50,37.30,38.80,11.20,12.70,Good,0.63400000,72335000.00,2022-04-25
RC-0205,LA076,Lancaster City Council,North West,2021,C Road,217.70,49.20,28.20,23.50,0.00,Bad Survey Input,0.72000000,4370000.00,2021-09-09
RC-0206,LA113,Sandwell Metropolitan Borough Council,West Midlands,2019,A Road,785.90,50.80,23.70,22.80,2.70,Good,0.70700000,77055000.00,2019-10-21
RC-0207,LA113,Sandwell Metropolitan Borough Council,West Midlands,2023,Unclassified,647.80,38.20,24.00,20.00,17.80,Good,0.57600000,32230000.00,2023-11-27
RC-0208,LA019,Cambridge City Council,East of England,2023,A Road,545.60,30.40,22.70,19.40,27.50,Good,0.48900000,83445000.00,2023-08-10
RC-0209,LA019,Cambridge City Council,East of England,2019,Unclassified,130.40,52.10,26.90,23.20,0.00,Bad Survey Input,0.74000000,84826000.00,2019-01-20
RC-0210,LA002,Nottingham City Council,East Midlands,2023,A Road,203.90,40.20,24.00,20.00,15.80,Good,0.59600000,36928000.00,2023-08-11
RC-0211,LA056,Stockton-on-Tees Borough Council,North East,2022,Motorway,470.90,30.50,26.10,21.00,22.40,Good,0.51400000,78855000.00,2022-11-10
RC-0212,LA056,Stockton-on-Tees Borough Council,North East,2023,B Road,426.90,57.80,37.60,11.40,0.00,Bad Survey Input,0.83200000,38804000.00,2023-04-25
RC-0213,LA056,Stockton-on-Tees Borough Council,North East,2019,Motorway,76.00,48.60,24.90,14.60,11.90,Good,0.67200000,2227000.00,2019-09-04
RC-0214,LA017,Norwich City Council,East of England,2023,A Road,197.30,38.90,30.70,24.20,6.20,Good,0.63400000,19139000.00,2023-06-10
RC-0215,LA017,Norwich City Council,East of England,2021,A Road,298.40,31.50,19.60,5.90,43.00,Good,0.44700000,NULL,2021-01-21
RC-0216,LA105,South Gloucestershire Council,South West,2021,C Road,487.60,57.20,37.00,10.80,0.00,Bad Survey Input,0.82100000,45418000.00,2021-06-01
RC-0217,LA105,South Gloucestershire Council,South West,2022,C Road,413.90,29.60,32.00,20.00,18.40,Good,0.53800000,80886000.00,2022-04-12
RC-0218,LA105,South Gloucestershire Council,South West,2020,B Road,59.60,23.70,36.60,7.30,32.40,Good,0.47500000,68432000.00,2020-03-28
RC-0219,LA082,Milton Keynes Council,South East,2020,Motorway,643.90,58.90,39.70,20.00,0.00,Bad Survey Input,0.87700000,79141000.00,2020-09-13
RC-0220,LA082,Milton Keynes Council,South East,2021,Motorway,291.50,43.70,18.60,8.80,28.90,Good,0.57100000,67305000.00,2021-01-23
RC-0221,LA016,Gedling Borough Council,East Midlands,2019,C Road,183.00,40.50,21.60,22.70,15.20,Good,0.59100000,21208000.00,2019-02-22
RC-0222,LA016,Gedling Borough Council,East Midlands,2023,Motorway,758.50,36.60,30.90,9.30,23.20,Good,0.57500000,17020000.00,2023-07-28
RC-0223,LA016,Gedling Borough Council,East Midlands,2022,A Road,290.90,44.70,25.30,6.40,23.60,Good,0.61500000,54311000.00,2022-11-06
RC-0224,LA028,Harlow District Council,East of England,2021,A Road,606.50,28.00,22.20,24.90,24.90,Good,0.47500000,24059000.00,2021-07-14
RC-0225,LA028,Harlow District Council,East of England,2019,A Road,100.60,30.30,26.80,16.50,26.40,Good,0.50500000,73115000.00,2019-05-25
RC-0226,LA003,Leicester City Council,East Midlands,2019,Motorway,113.60,56.20,16.80,23.30,3.70,Good,0.72100000,45927000.00,2019-04-13
RC-0227,LA003,Leicester City Council,East Midlands,2022,B Road,289.30,34.40,34.70,7.10,23.80,Good,0.57000000,84642000.00,2022-12-22
RC-0228,LA065,Rochdale Metropolitan Borough Council,North West,2021,A Road,407.30,35.10,39.10,22.30,3.50,Good,0.64100000,26738000.00,2021-01-08
RC-0229,LA065,Rochdale Metropolitan Borough Council,North West,2023,A Road,324.10,59.10,28.60,23.50,0.00,Bad Survey Input,0.82100000,43633000.00,2023-10-08
RC-0230,LA065,Rochdale Metropolitan Borough Council,North West,2019,Unclassified,225.60,43.80,18.80,13.80,23.60,Good,0.58500000,78677000.00,2019-06-17
RC-0231,LA065,Rochdale Metropolitan Borough Council,North West,2022,Motorway,420.10,58.30,29.70,6.00,6.00,Good,0.77600000,71263000.00,2022-07-03
RC-0232,LA126,Sheffield City Council,Yorkshire and The Humber,2021,C Road,320.30,58.50,28.70,20.70,0.00,Bad Survey Input,0.80900000,48591000.00,2021-07-07
RC-0233,LA126,Sheffield City Council,Yorkshire and The Humber,2019,B Road,17.90,26.00,27.80,19.10,27.10,Good,0.47500000,14369000.00,2019-02-21
RC-0234,LA126,Sheffield City Council,Yorkshire and The Humber,2023,Motorway,60.30,36.60,36.40,21.30,5.70,Good,0.63800000,36078000.00,2023-08-11
RC-0235,LA020,Luton Borough Council,East of England,2019,C Road,761.40,47.60,17.80,13.10,21.50,Good,0.61600000,55771000.00,2019-01-03
RC-0236,LA011,Blaby District Council,East Midlands,2023,Unclassified,99.00,28.90,29.90,7.50,33.70,Good,0.48700000,69432000.00,2023-02-19
RC-0237,LA011,Blaby District Council,East Midlands,2020,C Road,828.20,23.00,28.40,24.10,24.50,Good,0.46100000,81232000.00,2020-05-11
RC-0238,LA011,Blaby District Council,East Midlands,2022,Motorway,603.80,58.40,35.50,18.60,0.00,Bad Survey Input,0.84400000,77213000.00,2022-10-11
RC-0239,LA097,Cheltenham Borough Council,South West,2020,A Road,35.10,57.50,15.70,6.00,20.80,Good,0.68400000,NULL,2020-10-08
RC-0240,LA107,Stroud District Council,South West,2021,A Road,827.00,41.20,19.10,19.80,19.90,Good,0.57600000,NULL,2021-04-10
RC-0241,LA043,London Borough of Brent,London,2021,B Road,491.70,46.50,19.80,15.90,17.80,Good,0.62400000,37312000.00,2021-06-17
RC-0242,LA043,London Borough of Brent,London,2020,B Road,278.20,31.30,24.40,8.40,35.90,Good,0.48000000,44143000.00,2020-08-02
RC-0243,LA058,Durham County Council,North East,2020,C Road,256.40,41.90,19.30,6.20,32.60,Good,0.55000000,30517000.00,2020-02-17
RC-0244,LA058,Durham County Council,North East,2023,Unclassified,167.60,35.70,36.70,17.20,10.40,Good,0.62000000,78399000.00,2023-03-06
RC-0245,LA058,Durham County Council,North East,2019,Unclassified,404.90,58.70,37.60,16.00,0.00,Bad Survey Input,0.85300000,71053000.00,2019-12-26
RC-0246,LA133,Doncaster Metropolitan Borough Council,Yorkshire and The Humber,2023,B Road,419.20,35.50,39.70,9.70,15.10,Good,0.61700000,49131000.00,2023-11-20
RC-0247,LA133,Doncaster Metropolitan Borough Council,Yorkshire and The Humber,2021,B Road,265.70,37.50,36.70,15.70,10.10,Good,0.63400000,76312000.00,2021-03-26
RC-0248,LA038,London Borough of Islington,London,2020,Unclassified,209.90,53.30,33.50,13.40,0.00,Bad Survey Input,0.76700000,21519000.00,2020-07-15
RC-0249,LA038,London Borough of Islington,London,2021,B Road,536.90,54.10,32.40,20.80,0.00,Bad Survey Input,0.78700000,43847000.00,2021-11-05
RC-0250,LA014,Newark and Sherwood District Council,East Midlands,2023,Motorway,16.20,34.10,18.70,7.80,39.40,Good,0.47300000,7601000.00,2023-09-17
RC-0251,LA014,Newark and Sherwood District Council,East Midlands,2022,C Road,730.90,45.90,30.90,15.10,8.10,Good,0.68200000,59595000.00,2022-02-08
RC-0252,LA014,Newark and Sherwood District Council,East Midlands,2021,Motorway,547.70,35.10,30.80,18.40,15.70,Good,0.58200000,49791000.00,2021-05-21
RC-0253,LA089,Eastbourne Borough Council,South East,2020,B Road,764.60,53.60,23.30,7.50,15.60,Good,0.69500000,60862000.00,2020-04-08
RC-0254,LA089,Eastbourne Borough Council,South East,2022,A Road,832.90,32.30,20.70,21.50,25.50,Good,0.50100000,79250000.00,2022-12-15
RC-0255,LA031,St Albans City and District Council,East of England,2022,A Road,214.40,32.60,32.50,7.90,27.00,Good,0.54100000,NULL,2022-01-08
RC-0256,LA031,St Albans City and District Council,East of England,2021,Unclassified,703.50,44.80,20.20,12.30,22.70,Good,0.60000000,70240000.00,2021-11-20
RC-0257,LA031,St Albans City and District Council,East of England,2020,B Road,54.80,51.00,36.30,8.70,4.00,Good,0.75000000,64784000.00,2020-12-26
RC-0258,LA118,Worcester City Council,West Midlands,2021,B Road,95.10,40.10,28.60,6.30,25.00,Good,0.58800000,67855000.00,2021-01-20
RC-0259,LA118,Worcester City Council,West Midlands,2023,A Road,489.10,29.40,17.80,9.00,43.80,Good,0.42300000,65402000.00,2023-06-03
RC-0260,LA046,Royal Borough of Kingston upon Thames,London,2019,B Road,78.00,25.50,30.30,7.90,36.30,Good,0.45700000,13667000.00,2019-10-26
RC-0261,LA046,Royal Borough of Kingston upon Thames,London,2020,A Road,150.00,41.80,18.90,12.30,27.00,Good,0.56200000,3287000.00,2020-04-18
RC-0262,LA046,Royal Borough of Kingston upon Thames,London,2023,A Road,532.80,33.60,31.80,9.90,24.70,Good,0.55200000,74179000.00,2023-11-02
RC-0263,LA013,South Kesteven District Council,East Midlands,2023,C Road,568.40,33.70,29.80,5.40,31.10,Good,0.52900000,20804000.00,2023-08-08
RC-0264,LA086,Medway Council,South East,2022,A Road,595.60,54.20,18.80,19.00,8.00,Good,0.70200000,10056000.00,2022-02-20
RC-0265,LA086,Medway Council,South East,2023,Motorway,334.10,32.30,22.90,22.30,22.50,Good,0.51600000,19577000.00,2023-07-16
RC-0266,LA041,London Borough of Lewisham,London,2020,C Road,334.50,56.60,28.60,9.20,5.60,Good,0.76100000,80608000.00,2020-11-16
RC-0267,LA009,Wellingborough Borough Council,East Midlands,2019,A Road,56.30,30.00,20.50,23.90,25.60,Good,0.48300000,11249000.00,2019-07-09
RC-0268,LA009,Wellingborough Borough Council,East Midlands,2020,C Road,92.40,32.00,20.60,14.20,33.20,Good,0.47900000,69694000.00,2020-10-18
RC-0269,LA009,Wellingborough Borough Council,East Midlands,2023,A Road,332.60,55.20,32.90,15.50,0.00,Bad Survey Input,0.78800000,31914000.00,2023-05-13
RC-0270,LA117,Telford and Wrekin Council,West Midlands,2019,Unclassified,586.50,43.50,25.00,10.40,21.10,Good,0.61100000,26081000.00,2019-01-25
RC-0271,LA117,Telford and Wrekin Council,West Midlands,2020,A Road,689.30,22.50,21.30,22.70,33.50,Good,0.41000000,73616000.00,2020-11-21
RC-0272,LA117,Telford and Wrekin Council,West Midlands,2022,Unclassified,82.50,42.90,21.40,11.10,24.60,Good,0.58500000,7831000.00,2022-04-12
RC-0273,LA007,Mansfield District Council,East Midlands,2021,C Road,328.40,33.60,27.90,23.30,15.20,Good,0.56200000,45865000.00,2021-05-04
RC-0274,LA007,Mansfield District Council,East Midlands,2023,Unclassified,576.40,33.20,24.70,21.40,20.70,Good,0.53400000,57482000.00,2023-04-22
RC-0275,LA061,Manchester City Council,North West,2021,Unclassified,419.80,35.10,32.50,18.50,13.90,Good,0.59200000,NULL,2021-03-11
RC-0276,LA029,Stevenage Borough Council,East of England,2023,Motorway,61.50,56.00,24.70,18.40,0.90,Good,0.75400000,79379000.00,2023-09-20
RC-0277,LA029,Stevenage Borough Council,East of England,2020,C Road,530.80,34.50,33.90,25.00,6.60,Good,0.61100000,25332000.00,2020-10-03
RC-0278,LA029,Stevenage Borough Council,East of England,2021,C Road,787.60,46.40,20.70,6.90,26.00,Good,0.60500000,9070000.00,2021-06-04
RC-0279,LA029,Stevenage Borough Council,East of England,2019,Motorway,199.40,29.00,26.90,21.20,22.90,Good,0.50400000,20800000.00,2019-11-02
RC-0280,LA059,Northumberland County Council,North East,2023,Unclassified,797.60,42.00,37.30,14.80,5.90,Good,0.68100000,78033000.00,2023-12-12
RC-0281,LA059,Northumberland County Council,North East,2019,B Road,459.00,27.40,15.20,24.90,32.50,Good,0.42700000,79024000.00,2019-11-17
RC-0282,LA053,North Tyneside Metropolitan Borough Council,North East,2022,A Road,643.00,39.30,34.70,17.20,8.80,Good,0.64400000,NULL,2022-02-17
RC-0283,LA053,North Tyneside Metropolitan Borough Council,North East,2020,Motorway,616.00,27.10,31.10,16.40,25.40,Good,0.49900000,2926000.00,2020-02-21
RC-0284,LA053,North Tyneside Metropolitan Borough Council,North East,2023,Unclassified,831.90,53.20,27.60,17.10,2.10,Good,0.74000000,13807000.00,2023-09-08
RC-0285,LA053,North Tyneside Metropolitan Borough Council,North East,2021,Motorway,790.90,29.10,30.90,22.90,17.10,Good,0.53400000,56606000.00,2021-12-19
RC-0286,LA053,North Tyneside Metropolitan Borough Council,North East,2019,A Road,236.30,55.00,17.80,6.50,20.70,Good,0.67300000,71307000.00,2019-07-19
RC-0287,LA132,Barnsley Metropolitan Borough Council,Yorkshire and The Humber,2023,A Road,625.80,49.90,31.90,6.80,11.40,Good,0.70700000,59461000.00,2023-01-06
RC-0288,LA132,Barnsley Metropolitan Borough Council,Yorkshire and The Humber,2021,B Road,147.40,48.50,16.60,24.00,10.90,Good,0.64500000,43195000.00,2021-12-06
RC-0289,LA132,Barnsley Metropolitan Borough Council,Yorkshire and The Humber,2019,A Road,102.50,26.40,26.20,17.90,29.50,Good,0.46600000,33483000.00,2019-02-15
RC-0290,LA132,Barnsley Metropolitan Borough Council,Yorkshire and The Humber,2020,B Road,38.70,21.20,23.50,14.40,40.90,Good,0.38900000,80504000.00,2020-06-10
RC-0291,LA132,Barnsley Metropolitan Borough Council,Yorkshire and The Humber,2022,Motorway,325.60,38.90,36.90,8.00,16.20,Good,0.63000000,52684000.00,2022-02-14
RC-0292,LA134,Rotherham Metropolitan Borough Council,Yorkshire and The Humber,2021,A Road,471.80,27.20,31.60,21.40,19.80,Good,0.51500000,64157000.00,2021-08-17
RC-0293,LA134,Rotherham Metropolitan Borough Council,Yorkshire and The Humber,2022,B Road,464.10,55.90,29.90,17.50,0.00,Bad Survey Input,0.78200000,52492000.00,2022-07-20
RC-0294,LA134,Rotherham Metropolitan Borough Council,Yorkshire and The Humber,2020,Motorway,335.40,44.60,15.50,7.00,32.90,Good,0.55600000,21871000.00,2020-10-25
RC-0295,LA134,Rotherham Metropolitan Borough Council,Yorkshire and The Humber,2019,Unclassified,165.10,46.60,20.40,10.50,22.50,Good,0.61500000,8694000.00,2019-09-28
RC-0296,LA134,Rotherham Metropolitan Borough Council,Yorkshire and The Humber,2023,A Road,627.30,59.90,22.20,11.10,6.80,Good,0.76000000,NULL,2023-01-25
RC-0297,LA146,South Ribble Borough Council,North West,2022,B Road,227.80,53.20,31.60,7.00,8.20,Good,0.73900000,NULL,2022-02-15
RC-0298,LA146,South Ribble Borough Council,North West,2021,Motorway,599.10,59.30,24.70,11.30,4.70,Good,0.76900000,68073000.00,2021-06-17
RC-0299,LA146,South Ribble Borough Council,North West,2023,B Road,255.40,21.10,24.00,18.60,36.30,Good,0.40100000,21012000.00,2023-04-05
RC-0300,LA005,Chesterfield Borough Council,East Midlands,2022,Unclassified,803.90,43.40,29.70,5.40,21.50,Good,0.62600000,82578000.00,2022-11-09
RC-0301,LA005,Chesterfield Borough Council,East Midlands,2023,Motorway,491.40,43.30,27.10,19.60,10.00,Good,0.64500000,12309000.00,2023-12-25
RC-0302,LA005,Chesterfield Borough Council,East Midlands,2020,Unclassified,657.60,35.10,24.40,15.90,24.60,Good,0.53700000,31309000.00,2020-04-07
RC-0303,LA005,Chesterfield Borough Council,East Midlands,2019,B Road,567.00,26.00,17.70,21.20,35.10,Good,0.41900000,38117000.00,2019-02-18
RC-0304,LA005,Chesterfield Borough Council,East Midlands,2021,B Road,286.90,34.20,21.00,13.20,31.60,Good,0.50100000,NULL,2021-08-06
RC-0305,LA125,Leeds City Council,Yorkshire and The Humber,2022,Motorway,113.20,20.50,25.50,7.60,46.40,Good,0.37700000,65792000.00,2022-08-27
RC-0306,LA125,Leeds City Council,Yorkshire and The Humber,2021,C Road,493.50,56.90,31.30,13.40,0.00,Bad Survey Input,0.79000000,NULL,2021-03-21
RC-0307,LA110,Coventry City Council,West Midlands,2023,Motorway,765.20,20.40,34.60,6.00,39.00,Good,0.42700000,32905000.00,2023-04-02
RC-0308,LA119,Herefordshire Council,West Midlands,2020,Motorway,496.80,28.40,29.20,10.70,31.70,Good,0.48600000,70456000.00,2020-10-28
RC-0309,LA119,Herefordshire Council,West Midlands,2023,B Road,699.50,49.20,35.80,15.40,0.00,Bad Survey Input,0.74500000,41426000.00,2023-01-13
RC-0310,LA119,Herefordshire Council,West Midlands,2019,B Road,452.10,56.10,25.40,5.40,13.10,Good,0.72700000,84547000.00,2019-01-19
RC-0311,LA119,Herefordshire Council,West Midlands,2022,C Road,36.90,53.60,31.20,9.00,6.20,Good,0.74600000,46682000.00,2022-11-21
RC-0312,LA068,Trafford Metropolitan Borough Council,North West,2021,C Road,327.40,48.60,16.70,24.40,10.30,Good,0.64700000,55075000.00,2021-03-10
RC-0313,LA068,Trafford Metropolitan Borough Council,North West,2023,Motorway,184.10,42.70,23.30,9.00,25.00,Good,0.58900000,39751000.00,2023-04-10
RC-0314,LA095,Exeter City Council,South West,2023,B Road,177.30,25.70,36.20,7.60,30.50,Good,0.49300000,42806000.00,2023-11-05
RC-0315,LA095,Exeter City Council,South West,2019,C Road,416.80,41.20,38.10,8.20,12.50,Good,0.66100000,29947000.00,2019-02-27
RC-0316,LA095,Exeter City Council,South West,2021,Unclassified,573.10,44.20,16.80,11.20,27.80,Good,0.57100000,72717000.00,2021-10-03
RC-0317,LA073,Blackpool Borough Council,North West,2020,C Road,520.30,23.40,21.30,24.50,30.80,Good,0.42300000,28946000.00,2020-02-27
RC-0318,LA073,Blackpool Borough Council,North West,2021,Motorway,333.10,46.20,29.80,9.30,14.70,Good,0.66400000,19989000.00,2021-04-08
RC-0319,LA045,London Borough of Enfield,London,2023,Unclassified,545.70,47.40,32.00,22.90,0.00,Bad Survey Input,0.72300000,1390000.00,2023-01-22
RC-0320,LA023,Thurrock Council,East of England,2022,C Road,34.50,56.50,33.10,6.00,4.40,Good,0.77900000,29987000.00,2022-06-26
RC-0321,LA023,Thurrock Council,East of England,2021,Unclassified,130.40,53.60,26.90,8.40,11.10,Good,0.71800000,46919000.00,2021-09-28
RC-0322,LA023,Thurrock Council,East of England,2020,C Road,396.30,31.20,33.50,23.00,12.30,Good,0.57100000,48760000.00,2020-12-26
RC-0323,LA023,Thurrock Council,East of England,2023,Unclassified,697.20,46.50,15.90,5.10,32.50,Good,0.57300000,58443000.00,2023-01-16
RC-0324,LA055,Hartlepool Borough Council,North East,2022,Motorway,595.50,33.30,17.80,24.50,24.40,Good,0.50100000,61573000.00,2022-11-13
RC-0325,LA055,Hartlepool Borough Council,North East,2020,B Road,39.40,57.30,24.20,18.20,0.30,Good,0.76400000,84821000.00,2020-05-05
RC-0326,LA055,Hartlepool Borough Council,North East,2021,B Road,185.60,49.10,22.50,21.90,6.50,Good,0.68100000,62737000.00,2021-05-19
RC-0327,LA055,Hartlepool Borough Council,North East,2023,C Road,230.80,39.30,21.90,18.70,20.10,Good,0.57100000,50755000.00,2023-09-24
RC-0328,LA091,Worthing Borough Council,South East,2021,Unclassified,766.80,47.90,15.50,19.20,17.40,Good,0.62000000,50212000.00,2021-07-01
RC-0329,LA111,Wolverhampton City Council,West Midlands,2023,Unclassified,184.40,25.00,17.00,5.20,52.80,Good,0.36500000,11656000.00,2023-08-17
RC-0330,LA111,Wolverhampton City Council,West Midlands,2021,Motorway,689.90,37.50,33.10,5.70,23.70,Good,0.58800000,54069000.00,2021-02-01
RC-0331,LA062,Liverpool City Council,North West,2023,A Road,697.80,45.60,32.50,9.40,12.50,Good,0.67400000,NULL,2023-06-11
RC-0332,LA042,London Borough of Greenwich,London,2021,B Road,406.50,54.20,33.60,24.50,0.00,Bad Survey Input,0.80500000,9044000.00,2021-04-16
RC-0333,LA042,London Borough of Greenwich,London,2019,B Road,653.10,27.20,17.90,18.80,36.10,Good,0.42600000,40460000.00,2019-08-18
RC-0334,LA042,London Borough of Greenwich,London,2022,Motorway,452.20,43.90,19.90,11.50,24.70,Good,0.58700000,83125000.00,2022-02-05
RC-0335,LA025,Colchester Borough Council,East of England,2019,Motorway,390.00,51.40,17.10,7.40,24.10,Good,0.63500000,84411000.00,2019-06-25
RC-0336,LA025,Colchester Borough Council,East of England,2021,Motorway,330.40,59.50,21.10,14.20,5.20,Good,0.75700000,74563000.00,2021-04-17
RC-0337,LA025,Colchester Borough Council,East of England,2022,A Road,222.20,49.20,20.40,8.70,21.70,Good,0.63600000,NULL,2022-07-23
RC-0338,LA025,Colchester Borough Council,East of England,2020,A Road,59.50,52.40,30.70,7.60,9.30,Good,0.72700000,77769000.00,2020-06-02
RC-0339,LA106,North Somerset Council,South West,2021,C Road,675.80,33.00,35.80,19.10,12.10,Good,0.59300000,60937000.00,2021-12-22
RC-0340,LA106,North Somerset Council,South West,2020,C Road,501.60,50.00,20.40,20.20,9.40,Good,0.67300000,2308000.00,2020-04-10
RC-0341,LA106,North Somerset Council,South West,2019,Unclassified,45.90,48.20,16.00,11.90,23.90,Good,0.60800000,1253000.00,2019-03-14
RC-0342,LA106,North Somerset Council,South West,2022,Unclassified,733.80,33.60,33.70,16.20,16.50,Good,0.57900000,NULL,2022-09-10
RC-0343,LA094,Plymouth City Council,South West,2021,A Road,395.30,24.90,19.80,6.60,48.70,Good,0.38400000,83121000.00,2021-11-13
RC-0344,LA094,Plymouth City Council,South West,2022,B Road,678.50,56.20,38.90,23.50,0.00,Bad Survey Input,0.85400000,68200000.00,2022-09-14
RC-0345,LA094,Plymouth City Council,South West,2023,Unclassified,463.80,45.60,15.70,10.60,28.10,Good,0.57700000,7896000.00,2023-09-14
RC-0346,LA079,Portsmouth City Council,South East,2023,A Road,94.40,50.10,32.70,6.00,11.20,Good,0.71200000,53354000.00,2023-08-12
RC-0347,LA079,Portsmouth City Council,South East,2019,Motorway,366.80,24.10,34.40,25.00,16.50,Good,0.51000000,43771000.00,2019-12-05
RC-0348,LA079,Portsmouth City Council,South East,2022,B Road,494.20,25.20,38.30,9.20,27.30,Good,0.50500000,27536000.00,2022-08-09
RC-0349,LA015,Broxtowe Borough Council,East Midlands,2022,Motorway,144.00,29.10,24.40,14.90,31.60,Good,0.47500000,38147000.00,2022-08-27
RC-0350,LA015,Broxtowe Borough Council,East Midlands,2023,A Road,283.30,38.10,37.00,21.90,3.00,Good,0.65800000,31828000.00,2023-03-21
RC-0351,LA022,Southend-on-Sea Borough Council,East of England,2022,B Road,193.70,51.90,20.70,24.40,3.00,Good,0.70400000,68287000.00,2022-01-27
RC-0352,LA022,Southend-on-Sea Borough Council,East of England,2019,Motorway,70.90,59.20,28.50,18.50,0.00,Bad Survey Input,0.80900000,77189000.00,2019-09-22
RC-0353,LA103,Torbay Council,South West,2019,A Road,715.10,26.90,31.60,12.10,29.40,Good,0.48900000,NULL,2019-05-02
RC-0354,LA018,Ipswich Borough Council,East of England,2019,C Road,382.80,51.00,26.50,8.00,14.50,Good,0.68900000,55678000.00,2019-04-07
RC-0355,LA116,Stoke-on-Trent City Council,West Midlands,2023,A Road,800.60,22.20,29.40,18.30,30.10,Good,0.44400000,67857000.00,2023-08-26
RC-0356,LA116,Stoke-on-Trent City Council,West Midlands,2019,Motorway,319.30,56.40,19.10,8.10,16.40,Good,0.69900000,45205000.00,2019-08-21
RC-0357,LA100,Wiltshire Council,South West,2023,C Road,46.00,25.40,17.80,22.90,33.90,Good,0.41800000,47395000.00,2023-10-03
RC-0358,LA100,Wiltshire Council,South West,2021,Unclassified,553.30,59.10,26.60,22.90,0.00,Bad Survey Input,0.80800000,75068000.00,2021-06-06
RC-0359,LA100,Wiltshire Council,South West,2022,A Road,212.20,56.70,27.40,22.20,0.00,Bad Survey Input,0.78700000,NULL,2022-06-20
RC-0360,LA030,Watford Borough Council,East of England,2019,Motorway,152.10,39.80,20.60,5.50,34.10,Good,0.53500000,55157000.00,2019-10-12
RC-0361,LA030,Watford Borough Council,East of England,2020,A Road,77.50,23.90,38.80,22.30,15.00,Good,0.52800000,56690000.00,2020-02-05
RC-0362,LA035,London Borough of Hackney,London,2020,C Road,181.90,31.20,18.40,20.70,29.70,Good,0.47400000,15359000.00,2020-07-28
RC-0363,LA035,London Borough of Hackney,London,2019,Motorway,526.10,50.70,35.20,10.70,3.40,Good,0.74500000,31833000.00,2019-02-18
RC-0364,LA115,Solihull Metropolitan Borough Council,West Midlands,2021,Motorway,746.60,31.20,18.40,7.60,42.80,Good,0.44100000,50249000.00,2021-11-16
RC-0365,LA115,Solihull Metropolitan Borough Council,West Midlands,2019,B Road,824.10,46.30,26.30,24.60,2.80,Good,0.68200000,NULL,2019-10-11
RC-0366,LA115,Solihull Metropolitan Borough Council,West Midlands,2023,B Road,452.40,26.40,28.10,21.20,24.30,Good,0.48600000,32097000.00,2023-09-06
RC-0367,LA071,Bury Metropolitan Borough Council,North West,2020,Motorway,71.70,53.60,34.70,6.80,4.90,Good,0.76100000,52482000.00,2020-07-03
RC-0368,LA071,Bury Metropolitan Borough Council,North West,2021,Unclassified,246.90,21.60,15.40,23.60,39.40,Good,0.36700000,48976000.00,2021-06-03
RC-0369,LA077,Brighton and Hove City Council,South East,2020,Motorway,413.50,28.80,32.60,12.00,26.60,Good,0.51400000,7554000.00,2020-11-20
RC-0370,LA077,Brighton and Hove City Council,South East,2023,C Road,505.80,54.30,25.40,15.20,5.10,Good,0.73300000,NULL,2023-02-12
RC-0371,LA108,Forest of Dean District Council,South West,2019,C Road,456.80,48.50,21.50,6.10,23.90,Good,0.62900000,81669000.00,2019-05-05
RC-0372,LA108,Forest of Dean District Council,South West,2021,B Road,833.90,31.10,35.90,24.60,8.40,Good,0.58800000,78550000.00,2021-09-28
RC-0373,LA063,Salford City Council,North West,2021,A Road,714.50,26.40,15.50,20.20,37.90,Good,0.40800000,NULL,2021-05-04
RC-0374,LA063,Salford City Council,North West,2019,C Road,332.60,22.20,35.80,17.20,24.80,Good,0.48000000,82057000.00,2019-01-15
RC-0375,LA063,Salford City Council,North West,2020,Motorway,240.50,53.60,21.20,7.80,17.40,Good,0.68300000,69911000.00,2020-10-25
RC-0376,LA063,Salford City Council,North West,2023,C Road,453.50,30.00,25.70,15.70,28.60,Good,0.49300000,35987000.00,2023-01-08
RC-0377,LA063,Salford City Council,North West,2022,C Road,255.80,21.00,18.20,25.00,35.80,Good,0.38200000,76096000.00,2022-01-27
RC-0378,LA088,Folkestone and Hythe District Council,South East,2021,A Road,144.00,37.30,17.60,9.20,35.90,Good,0.50200000,32523000.00,2021-08-03
RC-0379,LA088,Folkestone and Hythe District Council,South East,2019,A Road,256.20,21.00,21.30,16.00,41.70,Good,0.37800000,36146000.00,2019-10-10
RC-0380,LA075,Burnley Borough Council,North West,2022,A Road,716.20,20.60,32.30,20.10,27.00,Good,0.45000000,8693000.00,2022-06-09
RC-0381,LA075,Burnley Borough Council,North West,2023,Motorway,535.80,57.90,27.50,24.70,0.00,Bad Survey Input,0.80600000,17557000.00,2023-12-05
RC-0382,LA075,Burnley Borough Council,North West,2020,Unclassified,212.10,29.50,18.20,21.00,31.30,Good,0.45700000,NULL,2020-10-27
RC-0383,LA021,Peterborough City Council,East of England,2023,Motorway,343.80,54.20,28.30,11.30,6.20,Good,0.74000000,50092000.00,2023-07-09
RC-0384,LA101,Dorset Council,South West,2021,C Road,760.60,36.30,22.10,9.30,32.30,Good,0.51900000,67672000.00,2021-09-05
RC-0385,LA101,Dorset Council,South West,2020,A Road,355.50,27.60,27.80,9.20,35.40,Good,0.46600000,22656000.00,2020-11-22
RC-0386,LA037,London Borough of Newham,London,2019,Motorway,726.60,55.10,16.20,21.70,7.00,Good,0.70200000,22979000.00,2019-05-13
RC-0387,LA070,Bolton Metropolitan Borough Council,North West,2020,Motorway,585.20,49.10,28.70,16.40,5.80,Good,0.70400000,52627000.00,2020-09-28
RC-0388,LA070,Bolton Metropolitan Borough Council,North West,2021,Motorway,189.20,46.10,16.20,23.30,14.40,Good,0.61600000,62899000.00,2021-10-19
RC-0389,LA070,Bolton Metropolitan Borough Council,North West,2023,Motorway,438.80,28.10,36.00,6.40,29.50,Good,0.51300000,3444000.00,2023-10-20
RC-0390,LA070,Bolton Metropolitan Borough Council,North West,2019,Motorway,482.70,30.60,37.80,5.30,26.30,Good,0.54600000,2597000.00,2019-05-28
RC-0391,LA008,Kettering Borough Council,East Midlands,2023,A Road,96.70,35.60,31.40,11.00,22.00,Good,0.57200000,36417000.00,2023-05-15
