project_id,council_id,council_name,region_name,project_type,project_name,start_date,planned_end_date,actual_end_date,budget_GBP,actual_cost_GBP,cost_variance_GBP,planned_duration_months,actual_duration_months,delay_months,status,primary_delay_reason,contractor,consultant,pct_complete
PRJ-001,LA025,Colchester Borough Council,East of England,Housing Development,Colchester Housing Development 2022,"March 11, 2022",28/06/2024,,"Ł84,861,000","Ł99,448,000",14587000,27,41,14,Ongoing,Weather disruption,Skanska UK,AECOM,99
PRJ-002,LA136,East Riding of Yorkshire Council,Yorkshire and The Humber,Solar Farm,East Solar Farm 2020,14/07/2020,03/08/2024,2025-08-19,86312000,119600000,33288000,49,49,,Completed,,Seddon,WSP,
PRJ-003,LA033,City of London Corporation,London,Road Widening,City Road Widening 2020,"December 6, 2020",04/07/2024,,42508000,"Ł54,590,000",12082000,55,71,16,Ongoing,Supply chain delays,Mulalley,Arcadis,
PRJ-004,LA080,Reading Borough Council,South East,School Rebuild,Reading School Rebuild 2023,11/23/2023,12/05/2025,,39865000,45369000,5504000,37,48,11,Delayed,Design changes,Skanska UK,WSP,35
PRJ-005,LA063,Salford City Council,North West,Digital Broadband Rollout,Salford Digital Broadband Rollout 2020,04/01/2020,15/07/2021,,36044000,46022000,9978000,18,40,22,Delayed,Funding shortfall,Robertson Group,Mott MacDonald,34
PRJ-006,LA091,Worthing Borough Council,South East,Digital Broadband Rollout,Worthing Digital Broadband Rollout 2023,2023-12-24,"October 18, 2025",,13061000,,,58,,3,Planning,Funding shortfall,Bowmer + Kirkland,Mott MacDonald,6
PRJ-007,LA016,Gedling Borough Council,East Midlands,Cycle Lane,Gedling Cycle Lane 2022,"December 9, 2022",2024-11-20,,40915000,56376000,15461000,35,44,9,Delayed,Scope change,Seddon,Turner & Townsend,66
PRJ-008,LA043,London Borough of Brent,London,Bridge Repair,London Bridge Repair 2020,10/05/2020,5 May 2024,,"Ł85,829,000",,,48,,1,Planning,Contractor issues,Costain,Capita,4
PRJ-009,LA051,Gateshead Metropolitan Borough Council,NE England,Solar Farm,Gateshead Solar Farm 2019,25/06/2019,2023-06-22,2024-06-21,37519000,49571000,12052000,48,48,,Completed,,Wates Group,Mott MacDonald,100
PRJ-010,LA056,Stockton-on-Tees Borough Council,North East,Flood Defence,Stockton-on-Tees Flood Defence 2021,14/07/2021,13/06/2025,,54095000,"Ł54,639,000",544000,59,68,9,Delayed,Land acquisition,Wates Group,Arup,16
PRJ-011,LA073,Blackpool Borough Council,North West,Waste Processing Plant,Blackpool Waste Processing Plant 2020,01/02/2020,05/21/2024,,88648000,115814000,27166000,51,63,12,Delayed,Contractor issues,Mace Group,Atkins,39
PRJ-012,LA040,London Borough of Lambeth,London,Park Regeneration,London Park Regeneration 2020,2020-11-05,"November 22, 2023",,41069000,,,36,,6,Planning,Weather disruption,Robertson Group,Stantec,15
PRJ-013,LA067,Tameside Metropolitan Borough Council,North West,Digital Broadband Rollout,Tameside Digital Broadband Rollout 2020,3 January 2020,"March 10, 2024",2025-03-12,"Ł4,678,000",7032000,2354000,50,50,,Completed,,Galliford Try,Turner & Townsend,100
PRJ-014,LA103,Torbay Council,South West,Flood Defence,Torbay Flood Defence 2018,23/07/2018,2022-10-27,,29850000,44263000,14413000,51,62,11,Delayed,Scope change,Bowmer + Kirkland,Mott MacDonald,61
PRJ-015,LA080,Reading Borough Council,South East,Housing Development,Reading Housing Development 2018,21 July 2018,2 October 2021,,45977000,,,39,,1,Planning,Land acquisition,Laing O'Rourke,Arup,5
PRJ-016,LA043,London Borough of Brent,London,Bridge Repair,London Bridge Repair 2021,2 March 2021,19/02/2022,,74691000,,,23,,3,Planning,Design changes,Robertson Group,Capita,13
PRJ-017,LA090,Hastings Borough Council,South east,Cycle Lane,Hastings Cycle Lane 2019,"April 6, 2019","October 18, 2022",,79594000,,,42,,4,Planning,Scope change,Morgan Sindall,Atkins,8
PRJ-018,LA096,Gloucester City Council,South West,School Rebuild,Gloucester School Rebuild 2022,21/09/2022,2025-03-06,,82550000,,,42,,5,Planning,Land acquisition,Skanska UK,Jacobs,14
PRJ-019,LA065,Rochdale Metropolitan Borough Council,North West ,Digital Broadband Rollout,Rochdale Digital Broadband Rollout 2020,26/08/2020,07/10/2021,,21012000,27729000,6717000,23,35,12,Ongoing,Environmental assessment,Mulalley,WSP,66
PRJ-020,LA002,Nottingham City Council,East Midlands ,Road Widening,Nottingham Road Widening 2022,28/06/2022,05/11/2024,,19700000,24618000,4918000,29,35,6,Ongoing,Supply chain delays,Balfour Beatty,Capita,65
PRJ-021,LA127,Bradford Metropolitan District Council,Yorkshire and The Humber,Bridge Repair,Bradford Bridge Repair 2020,"January 8, 2020","September 23, 2022",,"Ł41,892,000",68305000,26413000,32,51,19,Delayed,Funding shortfall,Bowmer + Kirkland,Atkins,10
PRJ-022,LA061,Manchester City Council,North West ,Waste Processing Plant,Manchester Waste Processing Plant 2023,2023-11-23,"March 5, 2024","March 15, 2025",18520000,25201000,6681000,16,16,,Completed,,Bowmer + Kirkland,Mott MacDonald,100
PRJ-023,LA030,Watford Borough Council,East of England,Waste Processing Plant,Watford Waste Processing Plant 2023,24/06/2023,02/03/2025,,89649000,97779000,8130000,44,47,3,Delayed,Design changes,Costain,Turner & Townsend,70
PRJ-024,LA126,Sheffield City Council,Yorkshire and The Humber,Rail Upgrade,Sheffield Rail Upgrade 2021,1 June 2021,10/19/2024,,80028000,83189000,3161000,40,53,13,Delayed,Funding shortfall,Laing O'Rourke,Capita,33
PRJ-025,LA033,City of London Corporation,London,Rail Upgrade,City Rail Upgrade 2021,22/06/2021,"November 2, 2024",,"Ł57,725,000",66873000,9148000,41,61,20,Delayed,Weather disruption,Robertson Group,WSP,57
PRJ-026,LA011,Blaby District Council,East Midlands,Bridge Repair,Blaby Bridge Repair 2020,09/20/2020,26/10/2022,,41222000,45087000,3865000,25,47,22,Delayed,Contractor issues,Sir Robert McAlpine,Capita,63
PRJ-027,LA123,Cannock Chase District Council,W Midlands,Bridge Repair,Cannock Bridge Repair 2023,2023-02-02,05/17/2025,12 May 2025,21311000,21062000,-249000,51,51,,Completed,,Robertson Group,Capita,100
PRJ-028,LA054,Middlesbrough Council,North East,School Rebuild,Middlesbrough School Rebuild 2018,"May 1, 2018",10/25/2019,,3817000,5798000,1981000,17,28,11,Delayed,Contractor issues,Mulalley,Arup,52
PRJ-029,LA273,Coventry City Council,West Midlands,Housing Development,Coventry Housing Development 2023,08/02/2023,"January 27, 2025",,71376000,,,47,,,Planning,,Bowmer + Kirkland,Jacobs,
PRJ-030,LA037,London Borough of Newham,London,Cycle Lane,London Cycle Lane 2023,2 April 2023,5 February 2025,2025-02-08,21974000,29973000,7999000,46,46,,Completed,,Sir Robert McAlpine,AECOM,100
PRJ-031,LA028,Harlow District Council,East of England,Housing Development,Harlow Housing Development 2020,16/01/2020,2024-01-13,,80446000,89776000,9330000,48,50,2,Ongoing,Funding shortfall,Bowmer + Kirkland,Arup,97
PRJ-032,LA096,Gloucester City Council,South West,Bridge Repair,Gloucester Bridge Repair 2022,01/11/2022,2025-10-25,,14787000,,,45,,,Planning,,Mulalley,Capita,0
PRJ-033,LA042,London Borough of Greenwich,London,Housing Development,London Housing Development 2020,09/28/2020,05/12/2021,28/05/2022,78452000,75790000,-2662000,20,20,,Completed,,Amey,AECOM,100
PRJ-034,LA067,Tameside Metropolitan Borough Council,North West,Waste Processing Plant,Tameside Waste Processing Plant 2021,12/07/2021,05/16/2021,,38897000,"Ł43,126,000",4229000,10,10,,Delayed,,Laing O'Rourke,Turner & Townsend,59
PRJ-035,LA065,Rochdale Metropolitan Borough Council,North West,Flood Defence,Rochdale Flood Defence 2020,"December 10, 2020",25/07/2021,,92993000,141876000,48883000,19,33,14,Ongoing,Supply chain delays,Kier Group,Arcadis,90
PRJ-036,LA129,Wakefield Metropolitan District Council,Yorkshire and The Humber,Waste Processing Plant,Wakefield Waste Processing Plant 2020,28 November 2020,08/04/2024,,"Ł44,517,000",71433000,26916000,53,66,13,Ongoing,Weather disruption,Seddon,Capita,
PRJ-037,LA100,Wiltshire Council,South West,Park Regeneration,Wiltshire Park Regeneration 2019,2019-03-18,27 November 2023,,44700000,70227000,25527000,56,76,20,Delayed,Environmental assessment,Mulalley,AECOM,25
PRJ-038,LA106,North Somerset Council,South West,Road Widening,North Road Widening 2022,2 June 2022,08/12/2025,,51599000,71702000,20103000,50,72,22,Ongoing,Planning disputes,Mulalley,Atkins,61
PRJ-039,LA077,Brighton and Hove City Council,South East,Solar Farm,Brighton Solar Farm 2023,18/11/2023,2025-04-07,,93066000,,,29,,,Planning,,Laing O'Rourke,Mott MacDonald,
PRJ-040,LA077,Brighton and Hove City Council,South East,Park Regeneration,Brighton Park Regeneration 2022,07/13/2022,18 May 2025,,69014000,101108000,32094000,58,82,24,Ongoing,Community objection,Wates Group,Atkins,150
PRJ-041,LA046,Royal Borough of Kingston upon Thames,London,Waste Processing Plant,Royal Waste Processing Plant 2023,06/20/2023,12 December 2025,,89873000,124928000,35055000,30,30,,Ongoing,,Bowmer + Kirkland,Arup,61
PRJ-042,LA120,Shropshire Council,West Midlands,Bridge Repair,Shropshire Bridge Repair 2019,15/07/2019,01/10/2021,,3999000,6202000,2203000,30,35,5,Ongoing,Contractor issues,Kier Group,AECOM,150
PRJ-043,LA126,Sheffield City Council,Yorkshire and The Humber,Hospital Expansion,Sheffield Hospital Expansion 2021,22/04/2021,"August 20, 2022",,32718000,31791000,-927000,16,24,8,Ongoing,Design changes,Mace Group,AECOM,88
PRJ-044,LA118,Worcester City Council,West Midlands,Waste Processing Plant,Worcester Waste Processing Plant 2023,"February 23, 2023",14 December 2024,,77809000,98242000,20433000,22,34,12,Ongoing,Supply chain delays,Skanska UK,Capita,69
PRJ-045,LA031,St Albans City and District Council,East of England,Digital Broadband Rollout,St Digital Broadband Rollout 2019,2019-07-16,12/09/2021,,91234000,111145000,19911000,26,40,14,Delayed,Land acquisition,Mace Group,WSP,53
PRJ-046,LA238,Burnley Borough Council,North West,Road Widening,Burnley Road Widening 2018,17/12/2018,06/21/2021,,"Ł48,328,000",,,42,,4,Planning,Environmental assessment,Galliford Try,Arcadis,12
PRJ-047,LA050,Sunderland City Council,North East,Cycle Lane,Sunderland Cycle Lane 2022,11/13/2022,10/21/2022,,59030000,,,11,,6,Planning,Design changes,Amey,Jacobs,12
PRJ-048,LA010,HINCKLEY AND BOSWORTH BOROUGH COUNCIL,East Midlands,Hospital Expansion,Hinckley Hospital Expansion 2022,16/03/2022,7 June 2025,,"Ł43,685,000",44530000,845000,51,70,19,Delayed,Environmental assessment,Costain,AECOM,25
PRJ-049,LA044,London Borough of Harrow,London,Solar Farm,London Solar Farm 2020,"January 23, 2020","February 6, 2022",,38482000,57397000,18915000,25,47,22,Delayed,Environmental assessment,Amey,Mott MacDonald,60
PRJ-050,LA058,Durham County Council,North East,Flood Defence,Durham Flood Defence 2022,"September 16, 2022",02/06/2023,,92047000,,,21,,6,Planning,Planning disputes,Galliford Try,Capita,
PRJ-051,LA118,Worcester City Council,West Midlands ,Hospital Expansion,Worcester Hospital Expansion 2023,04/05/2023,22/05/2025,,60705000,,,37,,3,Planning,Scope change,Costain,AECOM,16
PRJ-052,LA016,Gedling Borough Council,East Midlands,Road Widening,Gedling Road Widening 2019,2019-12-10,"January 1, 2020",,"Ł47,297,000",63527000,16230000,13,17,4,Ongoing,Scope change,Seddon,Turner & Townsend,69
PRJ-053,LA108,Forest of Dean District Council,South West,Bridge Repair,Forest Bridge Repair 2018,6 May 2018,22/03/2022,,1392000,,,58,,3,Planning,Environmental assessment,Morgan Sindall,Stantec,9
PRJ-054,LA002,Nottingham City Council,East Midlands,Hospital Expansion,Nottingham Hospital Expansion 2021,"July 25, 2021",01/07/2025,,"Ł80,247,000","Ł120,157,000",39910000,48,67,19,Ongoing,Environmental assessment,Galliford Try,Turner & Townsend,97
PRJ-055,LA022,Southend-on-Sea Borough Council,East of England,Hospital Expansion,Southend-on-Sea Hospital Expansion 2018,09/05/2018,10 August 2021,,"Ł24,043,000",,,47,,3,Planning,Community objection,Robertson Group,Arup,0
PRJ-056,LA142,Bromsgrove District Council,West midlands,Digital Broadband Rollout,Bromsgrove Digital Broadband Rollout 2021,2021-06-25,7 April 2021,,42033000,"Ł68,989,000",26956000,10,27,17,Delayed,Supply chain delays,Skanska UK,Mott MacDonald,60
PRJ-057,LA085,Maidstone Borough Council,South East,Bridge Repair,Maidstone Bridge Repair 2022,16 March 2022,2023-03-22,,41185000,,,12,,2,Planning,Land acquisition,Mulalley,AECOM,5
PRJ-058,LA022,Southend-on-Sea Borough Council,East of England,Rail Upgrade,Southend-on-Sea Rail Upgrade 2020,"December 20, 2020",03/04/2024,,63972000,79561000,15589000,51,58,7,Ongoing,Environmental assessment,Skanska UK,WSP,94
PRJ-059,LA122,Tamworth Borough Council,West Midlands,Solar Farm,Tamworth Solar Farm 2023,"August 15, 2023",01/22/2024,,15243000,18083000,2840000,17,24,7,Ongoing,Community objection,Mace Group,WSP,90
PRJ-060,LA141,Wyre Forest District Council,West Midlands,Waste Processing Plant,Wyre Waste Processing Plant 2022,19 August 2022,02/18/2025,"February 20, 2025",71760000,77656000,5896000,42,42,,Completed,,Bowmer + Kirkland,Turner & Townsend,
PRJ-061,LA096,Gloucester City Council,South West,Solar Farm,Gloucester Solar Farm 2019,16 February 2019,10/05/2022,,"Ł26,666,000",,,44,,6,Planning,Environmental assessment,Morgan Sindall,AECOM,0
PRJ-062,LA086,Medway Council,South East,Road Widening,Medway Road Widening 2019,"September 9, 2019",01/02/2021,,44674000,63754000,19080000,28,37,9,Ongoing,Design changes,Skanska UK,Jacobs,81
PRJ-063,LA004,Northampton Borough Council,East Midlands,Flood Defence,Northampton Flood Defence 2021,23 April 2021,2025-01-09,,78026000,100753000,22727000,57,69,12,Delayed,Funding shortfall,Seddon,Stantec,40
PRJ-064,LA114,Walsall Metropolitan Borough Council,West Midlands,Road Widening,Walsall Road Widening 2020,03/12/2020,2023-05-14,,37244000,,,38,,,Planning,,Mace Group,Capita,2
PRJ-065,LA103,Torbay Council ,South west,Flood Defence,Torbay Flood Defence 2019,2019-08-12,17 January 2022,,7159000,9804000,2645000,41,47,6,Delayed,Land acquisition,Mulalley,Stantec,
PRJ-066,LA023,Thurrock Council,East of England,Digital Broadband Rollout,Thurrock Digital Broadband Rollout 2021,09/05/2021,16 May 2024,,18772000,25538000,6766000,44,48,4,Ongoing,Funding shortfall,Amey,AECOM,91
PRJ-067,LA030,Watford Borough Council,East of England ,Flood Defence,Watford Flood Defence 2019,"October 21, 2019",11/16/2023,,94083000,"Ł155,094,000",61011000,49,65,16,Delayed,Scope change,Morgan Sindall,Capita,27
PRJ-068,LA027,Basildon Borough Council,East of England,Hospital Expansion,Basildon Hospital Expansion 2020,2020-07-25,27 August 2022,,"Ł49,075,000",52748000,3673000,25,36,11,Ongoing,Weather disruption,Amey,Arup,91
PRJ-069,LA129,Wakefield Metropolitan District Council,Yorkshire and The Humber,Housing Development,Wakefield Housing Development 2020,2020-09-02,03/11/2023,,38163000,"Ł60,932,000",22769000,42,66,24,Ongoing,Environmental assessment,Mulalley,Jacobs,60
PRJ-070,LA086,Medway Council,South East,Solar Farm,Medway Solar Farm 2020,02/06/2020,"November 2, 2021",23/11/2022,"Ł68,946,000",107274000,38328000,21,21,,Completed,,Mace Group,Turner & Townsend,100
PRJ-071,LA108,Forest of Dean District Council,South West,Solar Farm,Forest Solar Farm 2018,14/03/2018,03/06/2020,,44426000,,,27,,6,Planning,Environmental assessment,Laing O'Rourke,Jacobs,12
PRJ-072,LA097,Cheltenham Borough Council,South West,Solar Farm,Cheltenham Solar Farm 2018,04/01/2018,19 August 2019,"August 4, 2020",11184000,12668000,1484000,19,19,,Completed,,Amey,Capita,100
PRJ-073,LA244,Southend-on-Sea Borough Council,East of England,Waste Processing Plant,Southend-on-Sea Waste Processing Plant 2023,05/21/2023,2023-12-21,,65121000,89212000,24091000,7,13,6,Delayed,Funding shortfall,Morgan Sindall,Atkins,59
PRJ-074,LA066,Stockport Metropolitan Borough Council,North West,Park Regeneration,Stockport Park Regeneration 2023,2023-04-20,03/22/2025,,50420000,"Ł60,989,000",10569000,59,71,12,Delayed,Weather disruption,Wates Group,Stantec,41
PRJ-075,LA133,Doncaster Metropolitan Borough Council,Yorkshire and The Humber,Bridge Repair,Doncaster Bridge Repair 2022,04/06/2022,11 August 2025,,29975000,"Ł40,939,000",10964000,38,53,15,Ongoing,Land acquisition,Sir Robert McAlpine,WSP,78
PRJ-076,LA116,Stoke-on-Trent City Council,West Midlands,School Rebuild,Stoke-on-Trent School Rebuild 2022,02/28/2022,09/12/2024,,47534000,,,34,,3,Planning,Land acquisition,Costain,Arup,17
PRJ-077,LA067,Tameside Metropolitan Borough Council,NW England,Waste Processing Plant,Tameside Waste Processing Plant 2019,5 October 2019,"January 6, 2021",,"Ł39,359,000",,,27,,5,PLANNING,Funding shortfall,Wates Group,Jacobs,4
PRJ-078,LA011,Blaby District Council,East Midlands,Flood Defence,Blaby Flood Defence 2021,25/07/2021,7 July 2024,,57406000,79591000,22185000,36,59,23,Delayed,Supply chain delays,Robertson Group,Arcadis,69
PRJ-079,LA037,London Borough of Newham,LONDON,Road Widening,London Road Widening 2020,2020-02-06,24 November 2020,,81508000,,,9,,3,Planning,Contractor issues,Balfour Beatty,Turner & Townsend,19
PRJ-080,LA228,Colchester Borough Council,East of England,School Rebuild,Colchester School Rebuild 2022,2022-10-07,"June 20, 2025",,67166000,"Ł94,563,000",27397000,44,54,10,Delayed,Community objection,Robertson Group,Arcadis,49
PRJ-081,LA020,LUTON BOROUGH COUNCIL,East of England ,Rail Upgrade,Luton Rail Upgrade 2022,24 October 2022,"October 27, 2023",28/10/2024,82853000,"Ł127,407,000",44554000,12,12,,Completed,,Sir Robert McAlpine,AECOM,100
PRJ-082,LA084,Canterbury City Council,South East,Solar Farm,Canterbury Solar Farm 2022,14/10/2022,6 March 2025,"March 21, 2025",39717000,59976000,20259000,53,53,,Completed,,Mulalley,Jacobs,
PRJ-083,LA001,Derby City Council,EAST MIDLANDS,Digital Broadband Rollout,Derby Digital Broadband Rollout 2022,2022-01-12,19 July 2022,,45985000,63420000,17435000,6,12,6,Ongoing,Community objection,Sir Robert McAlpine,Jacobs,60
PRJ-084,LA071,Bury Metropolitan Borough Council,North West,Park Regeneration,Bury Park Regeneration 2018,"July 13, 2018",07/07/2023,,8738000,,,60,,2,Planning,Planning disputes,Balfour Beatty,AECOM,17
PRJ-085,LA137,North Yorkshire County Council,Yorkshire and The Humber,Solar Farm,North Solar Farm 2023,09/09/2023,"August 4, 2023",,22914000,34357000,11443000,11,34,23,Ongoing,Land acquisition,Sir Robert McAlpine,Jacobs,99
PRJ-086,LA061,Manchester City Council,North West,Bridge Repair,Manchester Bridge Repair 2021,2021-12-19,"September 20, 2025",,94931000,111779000,16848000,57,73,16,Ongoing,Planning disputes,Laing O'Rourke,AECOM,
PRJ-087,LA101,Dorset Council,South West,Cycle Lane,Dorset Cycle Lane 2021,"June 2, 2021",1 April 2021,27 April 2022,27488000,36920000,9432000,10,10,,Completed,,Morgan Sindall,Arup,100
PRJ-088,LA050,Sunderland City Council,North East,Solar Farm,Sunderland Solar Farm 2021,2021-05-17,"August 13, 2022",,39821000,45263000,5442000,15,34,19,Ongoing,Design changes,Morgan Sindall,Arcadis,85
PRJ-089,LA032,Hertsmere Borough Council,East of England,Road Widening,Hertsmere Road Widening 2020,"November 12, 2020",2022-03-21,2023-03-03,"Ł35,689,000",51308000,15619000,28,28,,Completed,,Sir Robert McAlpine,AECOM,100
PRJ-090,LA042,London Borough of Greenwich,Greater London,Park Regeneration,London Park Regeneration 2019,3 May 2019,2023-03-16,,79998000,,,58,,5,Planning,Environmental assessment,Robertson Group,Stantec,3
PRJ-091,LA087,Thanet District Council,SE England,Waste Processing Plant,Thanet Waste Processing Plant 2023,27 October 2023,2023-06-17,,78408000,"Ł115,240,000",36832000,8,31,23,Delayed,Planning disputes,Laing O'Rourke,Turner & Townsend,18
PRJ-092,LA103,Torbay Council,South West,Road Widening,Torbay Road Widening 2019,2019-12-12,8 October 2019,10/02/2020,23236000,23513000,277000,10,10,,Completed,,Laing O'Rourke,Jacobs,100
PRJ-093,LA128,Hull City Council,Yorkshire and The Humber,Rail Upgrade,Hull Rail Upgrade 2022,03/15/2022,08/09/2023,,"Ł21,307,000",29647000,8340000,17,30,13,Delayed,Design changes,Balfour Beatty,Stantec,69
PRJ-094,LA012,Melton Borough Council,East Midlands,Cycle Lane,Melton Cycle Lane 2019,"August 28, 2019","January 12, 2023",,14655000,,,53,,6,Planning,Planning disputes,Galliford Try,Arcadis,20
PRJ-095,LA112,Dudley Metropolitan Borough Council,West Midlands,Solar Farm,Dudley Solar Farm 2023,04/07/2023,8 September 2025,,90924000,"Ł89,895,000",-1029000,50,53,3,Delayed,Weather disruption,Seddon,Capita,55
PRJ-096,LA038,London Borough of Islington,London,Cycle Lane,London Cycle Lane 2018,2018-02-17,"August 16, 2022",,61161000,"Ł79,016,000",17855000,54,75,21,Delayed,Weather disruption,Morgan Sindall,Arcadis,47
PRJ-097,LA105,South Gloucestershire Council,South West,Digital Broadband Rollout,South Digital Broadband Rollout 2021,10 December 2021,04/11/2022,,2076000,"Ł3,270,000",1194000,23,33,10,Delayed,Weather disruption,Wates Group,Arcadis,36
PRJ-098,LA114,Walsall Metropolitan Borough Council,West Midlands,Rail Upgrade,Walsall Rail Upgrade 2018,"February 10, 2018",06/26/2022,11 June 2023,48640000,57656000,9016000,52,52,,Completed,,Robertson Group,WSP,
PRJ-099,LA044,London Borough of Harrow,London,Bridge Repair,London Bridge Repair 2020,8 July 2020,2023-12-11,,72493000,"Ł73,883,000",1390000,41,51,10,Ongoing,Contractor issues,Bowmer + Kirkland,WSP,
PRJ-100,LA055,Hartlepool Borough Council,North East ,Solar Farm,Hartlepool Solar Farm 2022,"June 2, 2022",11/08/2023,,33603000,37468000,3865000,14,20,6,Ongoing,Design changes,Morgan Sindall,Turner & Townsend,66
PRJ-101,LA020,Luton Borough Council,East of England,Park Regeneration,Luton Park Regeneration 2019,20/07/2019,2021-03-04,,"Ł45,732,000",44342000,-1390000,32,33,1,Delayed,Environmental assessment,Balfour Beatty,Arcadis,64
PRJ-102,LA002,Nottingham City Council,East Midlands,School Rebuild,Nottingham School Rebuild 2020,16 October 2020,"July 1, 2020","July 1, 2021",64336000,63201000,-1135000,9,9,,Completed,,Bowmer + Kirkland,Arcadis,100
PRJ-103,LA134,Rotherham Metropolitan Borough Council,Yorkshire and The Humber,Housing Development,Rotherham Housing Development 2018,21/01/2018,12/07/2021,,"Ł48,363,000",,,42,,2,Planning,Scope change,Mace Group,AECOM,7
PRJ-104,LA028,Harlow District Council,East of England ,Road Widening,Harlow Road Widening 2022,27 November 2022,06/22/2023,,14674000,15963000,1289000,19,23,4,Delayed,Community objection,Robertson Group,WSP,11
PRJ-105,LA103,Torbay Council,SW England,Rail Upgrade,Torbay Rail Upgrade 2019,18 September 2019,"October 6, 2020",26 October 2021,"Ł44,413,000",45437000,1024000,13,13,,Completed,,Morgan Sindall,Mott MacDonald,
PRJ-106,LA001,Derby City Council,East Midlands,Bridge Repair,Derby Bridge Repair 2021,03/17/2021,06/07/2022,,25497000,25756000,259000,16,23,7,Ongoing,Contractor issues,Galliford Try,WSP,63
PRJ-107,LA144,Wyre Borough Council,North west,Housing Development,Wyre Housing Development 2023,12 April 2023,09/15/2024,,36741000,,,17,,1,Planning,Community objection,Mulalley,WSP,11
PRJ-108,LA071,Bury Metropolitan Borough Council,North West,Waste Processing Plant,Bury Waste Processing Plant 2021,21/07/2021,08/09/2023,,27192000,,,26,,1,Planning,Environmental assessment,Amey,Atkins,4
PRJ-109,LA138,Scarborough Borough Council,Yorkshire and The Humber,Park Regeneration,Scarborough Park Regeneration 2021,2021-10-27,04/10/2025,,91822000,,,60,,4,Planning,Scope change,Mace Group,Mott MacDonald,19
PRJ-110,LA133,Doncaster Metropolitan Borough Council,Yorkshire and The Humber,Road Widening,Doncaster Road Widening 2021,03/12/2021,9 September 2023,,54607000,71979000,17372000,33,56,23,Delayed,Funding shortfall,Mulalley,AECOM,14
PRJ-111,LA136,East Riding of Yorkshire Council,yorkshire and the humber,Waste Processing Plant,East Waste Processing Plant 2022,02/28/2022,4 August 2025,,56974000,86822000,29848000,42,42,,Delayed,,Robertson Group,Mott MacDonald,48
PRJ-112,LA051,Gateshead Metropolitan Borough Council,North East,Hospital Expansion,Gateshead Hospital Expansion 2022,2022-10-26,10 October 2024,,55236000,82294000,27058000,24,33,9,Delayed,Land acquisition,Wates Group,Mott MacDonald,47
PRJ-113,LA001,Derby City Council,East midlands,School Rebuild,Derby School Rebuild 2020,25 May 2020,"October 26, 2022",,"Ł64,414,000",101753000,37339000,29,40,11,Ongoing,Planning disputes,Galliford Try,WSP,67
PRJ-114,LA091,Worthing Borough Council,South east,Solar Farm,Worthing Solar Farm 2020,18 January 2020,"May 22, 2022",2023-05-15,64095000,81220000,17125000,28,28,,Completed,,Kier Group,Arup,100
PRJ-115,LA079,Portsmouth City Council,SE England,Housing Development,Portsmouth Housing Development 2021,10/10/2021,"June 14, 2025",,74050000,,,56,,6,Planning,Weather disruption,Robertson Group,Atkins,7
PRJ-116,LA052,South Tyneside Metropolitan Borough Council,North East,Hospital Expansion,South Hospital Expansion 2020,2020-01-14,22 February 2022,,"Ł6,436,000",8926000,2490000,25,25,,Ongoing,,Laing O'Rourke,Arcadis,85
PRJ-117,LA075,Burnley Borough Council,North West,School Rebuild,Burnley School Rebuild 2019,25 December 2019,18/08/2019,,87392000,,,8,,4,Planning,Contractor issues,Balfour Beatty,WSP,12
PRJ-118,LA138,Scarborough Borough Council,yorkshire and the humber,Bridge Repair,Scarborough Bridge Repair 2019,20/03/2019,07/09/2023,,92173000,140297000,48124000,54,78,24,Ongoing,Contractor issues,Laing O'Rourke,Arcadis,79
PRJ-119,LA010,hinckley and bosworth borough council,East Midlands,Park Regeneration,Hinckley Park Regeneration 2018,19/05/2018,2021-12-20,26 December 2022,41109000,56075000,14966000,43,43,,Completed,,Costain,Turner & Townsend,100
PRJ-120,LA053,North Tyneside Metropolitan Borough Council,North east,School Rebuild,North School Rebuild 2023,2023-01-28,7 February 2025,,"Ł70,915,000",,,49,,,Planning,,Laing O'Rourke,Arcadis,1
PRJ-121,LA107,Stroud District Council,South West,Flood Defence,Stroud Flood Defence 2023,07/04/2023,25/03/2025,,44361000,,,44,,4,Planning,Community objection,Robertson Group,Capita,14
PRJ-122,LA066,Stockport Metropolitan Borough Council,NW England,Rail Upgrade,Stockport Rail Upgrade 2022,"May 10, 2022",27 December 2025,,60854000,,,55,,4,Planning,Contractor issues,Mulalley,Mott MacDonald,1
PRJ-123,LA010,Hinckley and Bosworth Borough Council,EAST MIDLANDS,Digital Broadband Rollout,Hinckley Digital Broadband Rollout 2018,2018-12-28,17 August 2018,,"Ł6,724,000",6406000,-318000,8,9,1,Ongoing,Land acquisition,Mulalley,Arcadis,79
PRJ-124,LA026,Braintree District Council,East of England,Housing Development,Braintree Housing Development 2019,12/21/2019,21/09/2023,9 September 2024,20890000,33423000,12533000,57,57,,Completed,,Costain,Atkins,150
PRJ-125,LA066,Stockport Metropolitan Borough Council,North West,Road Widening,Stockport Road Widening 2019,04/07/2019,05/28/2023,2024-05-04,8276000,9135000,859000,58,58,,Completed,,Skanska UK,Turner & Townsend,100
PRJ-126,LA109,birmingham city council,West Midlands,School Rebuild,Birmingham School Rebuild 2020,"October 4, 2020","January 28, 2024",,"Ł37,149,000",53106000,15957000,51,70,19,Ongoing,Land acquisition,Wates Group,Turner & Townsend,64
PRJ-127,LA030,Watford Borough Council,East of England,Waste Processing Plant,Watford Waste Processing Plant 2020,08/02/2020,"February 22, 2024",,82829000,,,48,,1,Planning,Community objection,Laing O'Rourke,Turner & Townsend,18
PRJ-128,LA020,Luton Borough Council,East of England,Solar Farm,Luton Solar Farm 2020,2020-10-18,2022-02-27,,28341000,31419000,3078000,28,40,12,Ongoing,Funding shortfall,Galliford Try,Jacobs,77
PRJ-129,LA064,Oldham Metropolitan Borough Council,North West ,Rail Upgrade,Oldham Rail Upgrade 2021,"October 2, 2021",05/05/2024,,21558000,24397000,2839000,43,65,22,Delayed,Weather disruption,Wates Group,Turner & Townsend,54
PRJ-130,LA143,Malvern Hills District Council,West Midlands,Hospital Expansion,Malvern Hospital Expansion 2022,21/06/2022,05/08/2025,,"Ł46,228,000",44198000,-2030000,47,55,8,Delayed,Design changes,Amey,AECOM,36
PRJ-131,LA025,Colchester Borough Council,East of England,Solar Farm,Colchester Solar Farm 2021,"June 15, 2021",05/04/2024,04/15/2025,63494000,103213000,39719000,46,46,,Completed,,Laing O'Rourke,Turner & Townsend,100
PRJ-132,LA051,Gateshead Metropolitan Borough Council,North East,Hospital Expansion,Gateshead Hospital Expansion 2021,2021-07-15,04/07/2022,,73494000,,,21,,4,Planning,Supply chain delays,Mulalley,Arcadis,6
PRJ-133,LA110,Coventry City Council,West Midlands,School Rebuild,Coventry School Rebuild 2018,"September 20, 2018",11/05/2020,2021-05-03,10909000,"Ł10,702,000",-207000,32,32,,Completed,,Balfour Beatty,Stantec,100
PRJ-134,LA004,Northampton Borough Council,East Midlands,School Rebuild,Northampton School Rebuild 2020,10/21/2020,12/14/2022,,42711000,,,26,,2,Planning,Scope change,Sir Robert McAlpine,Atkins,13
PRJ-135,LA071,Bury Metropolitan Borough Council,North West,Road Widening,Bury Road Widening 2021,05/03/2021,25/01/2025,,"Ł73,121,000",91982000,18861000,56,63,7,Ongoing,Supply chain delays,Costain,Arcadis,66
PRJ-136,LA021,Peterborough City Council,East of England,Road Widening,Peterborough Road Widening 2020,10/13/2020,"April 12, 2021","April 13, 2022",15406000,17241000,1835000,18,18,,Completed,,Galliford Try,Atkins,100
PRJ-137,LA024,Chelmsford City Council,East of England,Park Regeneration,Chelmsford Park Regeneration 2021,2021-03-09,07/21/2025,,36507000,55631000,19124000,52,69,17,Ongoing,Weather disruption,Mace Group,Mott MacDonald,71
PRJ-138,LA136,East Riding of Yorkshire Council,Yorkshire and The Humber,Road Widening,East Road Widening 2020,26/06/2020,10/21/2024,,"Ł17,071,000",,,52,,1,Planning,Environmental assessment,Sir Robert McAlpine,Arcadis,13
PRJ-139,LA039,London Borough of Southwark,London,Bridge Repair,London Bridge Repair 2019,2019-12-19,18/02/2022,,68961000,"Ł72,942,000",3981000,38,55,17,Delayed,Community objection,Kier Group,Arcadis,25
PRJ-140,LA139,Harrogate Borough Council,Yorkshire and The Humber,Digital Broadband Rollout,Harrogate Digital Broadband Rollout 2021,3 June 2021,"April 26, 2023",,"Ł31,330,000",34828000,3498000,34,40,6,Ongoing,Planning disputes,Laing O'Rourke,Atkins,83
PRJ-141,LA200,Harlow District Council,East of England,Rail Upgrade,Harlow Rail Upgrade 2019,"October 11, 2019",2021-08-17,2022-08-06,50108000,"Ł56,470,000",6362000,34,34,,Completed,,Balfour Beatty,Stantec,100
PRJ-142,LA249,Bolton Metropolitan Borough Council,North West,Digital Broadband Rollout,Bolton Digital Broadband Rollout 2019,02/11/2019,"September 2, 2019",21 September 2020,28249000,38773000,10524000,10,10,,Completed,,Mulalley,Mott MacDonald,100
PRJ-143,LA136,East Riding of Yorkshire Council,Yorkshire and The Humber,Hospital Expansion,East Hospital Expansion 2019,"April 28, 2019",09/12/2019,,14091000,,,8,,6,Planning,Planning disputes,Laing O'Rourke,Arcadis,16
PRJ-144,LA027,Basildon Borough Council,East of England,Rail Upgrade,Basildon Rail Upgrade 2018,"March 16, 2018","December 19, 2019",,"Ł15,664,000",18641000,2977000,21,39,18,Delayed,Environmental assessment,Mace Group,Arup,49
PRJ-145,LA061,Manchester City Council,North West,Road Widening,Manchester Road Widening 2023,06/04/2023,25 August 2024,,28577000,34749000,6172000,14,28,14,Delayed,Community objection,Morgan Sindall,Jacobs,22
PRJ-146,LA135,York City of Council,Yorkshire and The Humber,Waste Processing Plant,York Waste Processing Plant 2019,"October 5, 2019","August 9, 2019",,32738000,"Ł35,110,000",2372000,10,25,15,delayed,Planning disputes,Amey,Arcadis,60
PRJ-147,LA024,Chelmsford City Council,East of England,School Rebuild,Chelmsford School Rebuild 2019,12 January 2019,12/04/2021,,89595000,,,27,,3,Planning,Planning disputes,Bowmer + Kirkland,Mott MacDonald,15
PRJ-148,LA041,London Borough of Lewisham,LONDON,School Rebuild,London School Rebuild 2020,11 December 2020,7 November 2023,"November 5, 2024",65534000,78982000,13448000,47,47,,Completed,,Kier Group,WSP,100
PRJ-149,LA095,Exeter City Council,South West,Hospital Expansion,Exeter Hospital Expansion 2022,09/07/2022,"July 4, 2025",,67716000,102336000,34620000,48,72,24,Delayed,Funding shortfall,Skanska UK,Capita,15
PRJ-150,LA098,Swindon Borough Council,South West,Bridge Repair,Swindon Bridge Repair 2019,2019-10-08,2021-04-02,04/23/2022,57738000,88370000,30632000,30,30,,Completed,,Bowmer + Kirkland,Capita,100
PRJ-151,LA030,Watford Borough Council,East of England,Solar Farm,Watford Solar Farm 2019,25 October 2019,"August 17, 2021",,61878000,,,34,,3,Planning,Weather disruption,Morgan Sindall,Arcadis,3
PRJ-152,LA059,Northumberland County Council ,North East,Flood Defence,Northumberland Flood Defence 2019,2019-01-27,2021-04-25,,61229000,76025000,14796000,27,44,17,Ongoing,Community objection,Bowmer + Kirkland,Arcadis,60
PRJ-153,LA144,Wyre Borough Council,North West,Digital Broadband Rollout,Wyre Digital Broadband Rollout 2023,2023-10-02,23 January 2025,,20965000,24039000,3074000,39,42,3,Delayed,Community objection,Galliford Try,Capita,56
PRJ-154,LA108,Forest of Dean District Council,South West,School Rebuild,Forest School Rebuild 2019,"November 16, 2019",2019-07-11,,33031000,38550000,5519000,8,8,,Delayed,,Balfour Beatty,Stantec,13
PRJ-155,LA107,Stroud District Council,South West,Housing Development,Stroud Housing Development 2020,"July 5, 2020","September 24, 2022",,54948000,"Ł83,494,000",28546000,26,37,11,Delayed,Community objection,Seddon,Capita,68
PRJ-156,LA113,Sandwell Metropolitan Borough Council,West Midlands,Hospital Expansion,Sandwell Hospital Expansion 2022,7 January 2022,2025-12-25,23/12/2025,38842000,"Ł40,369,000",1527000,59,59,,Completed,,Amey,Mott MacDonald,100
PRJ-157,LA027,Basildon Borough Council,East of England,Bridge Repair,Basildon Bridge Repair 2022,01/24/2022,"February 17, 2025",02/11/2025,68621000,92405000,23784000,37,37,,Completed,,Morgan Sindall,Arcadis,100
PRJ-158,LA011,Blaby District Council,East Midlands,Digital Broadband Rollout,Blaby Digital Broadband Rollout 2023,09/20/2023,2025-04-24,2025-04-10,90376000,108637000,18261000,31,31,,Completed,,Wates Group,Stantec,100
PRJ-159,LA055,Hartlepool Borough Council,North East,School Rebuild,Hartlepool School Rebuild 2021,12 May 2021,3 March 2024,,49778000,48674000,-1104000,46,62,16,Ongoing,Planning disputes,Galliford Try,Atkins,75
PRJ-160,LA096,Gloucester City Council,South West,Park Regeneration,Gloucester Park Regeneration 2018,2018-05-12,2019-07-18,,83042000,80837000,-2205000,14,33,19,Ongoing,Scope change,Mulalley,Atkins,95
PRJ-161,LA033,City of London Corporation,Greater London,Rail Upgrade,City Rail Upgrade 2020,18 September 2020,"March 22, 2021",,73936000,71907000,-2029000,18,19,1,Ongoing,Scope change,Sir Robert McAlpine,WSP,96
PRJ-162,LA106,North Somerset Council,South West,School Rebuild,North School Rebuild 2018,11/07/2018,03/06/2019,,15504000,,,23,,1,Planning,Land acquisition,Mace Group,Capita,0
PRJ-163,LA002,Nottingham City Council,East Midlands,Bridge Repair,Nottingham Bridge Repair 2022,2022-02-06,02/11/2024,,"Ł47,708,000",61455000,13747000,33,55,22,Ongoing,Supply chain delays,Laing O'Rourke,Arcadis,67
PRJ-164,LA027,Basildon Borough Council,East of England,Cycle Lane,Basildon Cycle Lane 2022,"August 7, 2022","September 10, 2023",,76654000,,,13,,4,Planning,Community objection,Skanska UK,AECOM,
PRJ-165,LA131,Calderdale Metropolitan Borough Council,Yorkshire And The Humber ,Bridge Repair,Calderdale Bridge Repair 2022,01/23/2022,2025-01-24,,12602000,,,36,,1,Planning,Supply chain delays,Wates Group,Turner & Townsend,18
PRJ-166,LA014,Newark and Sherwood District Council,East Midlands ,Hospital Expansion,Newark Hospital Expansion 2023,16/03/2023,8 August 2025,,"Ł88,736,000",,,29,,6,Planning,Scope change,Galliford Try,Jacobs,20
PRJ-167,LA041,London Borough of Lewisham,London,Bridge Repair,London Bridge Repair 2021,20/12/2021,4 May 2023,,23626000,35198000,11572000,29,47,18,Delayed,Environmental assessment,Robertson Group,Arcadis,44
PRJ-168,LA091,WORTHING BOROUGH COUNCIL,South East,School Rebuild,Worthing School Rebuild 2018,21/04/2018,"January 7, 2019",,8098000,13311000,5213000,21,37,16,Ongoing,Contractor issues,Sir Robert McAlpine,Capita,96
PRJ-169,LA035,London Borough of Hackney ,London,Solar Farm,London Solar Farm 2020,"October 24, 2020","March 2, 2024",,2256000,2638000,382000,53,57,4,Delayed,Scope change,Seddon,Arcadis,68
PRJ-170,LA037,London Borough of Newham,London ,Waste Processing Plant,London Waste Processing Plant 2020,20 January 2020,13 January 2021,,61569000,,,12,,4,Planning,Weather disruption,Mulalley,Arcadis,15
PRJ-171,LA266,Wolverhampton City Council,West Midlands,Digital Broadband Rollout,Wolverhampton Digital Broadband Rollout 2020,11 April 2020,2021-12-18,,"Ł16,764,000",21949000,5185000,20,21,1,Delayed,Environmental assessment,Kier Group,Turner & Townsend,17
PRJ-172,LA297,Newcastle upon Tyne City Council,North East,Waste Processing Plant,Newcastle Waste Processing Plant 2018,06/08/2018,"August 15, 2023",,2430000,2992000,562000,60,69,9,Ongoing,Land acquisition,Seddon,Stantec,91
PRJ-173,LA035,London Borough of Hackney,London,Flood Defence,London Flood Defence 2018,2018-09-10,"January 17, 2021",,19725000,,,40,,5,Planning,Environmental assessment,Bowmer + Kirkland,WSP,19
PRJ-174,LA142,Bromsgrove District Council,West Midlands,Park Regeneration,Bromsgrove Park Regeneration 2018,2018-09-28,05/07/2020,,40662000,,,34,,1,Planning,Scope change,Robertson Group,Stantec,16
PRJ-175,LA049,Newcastle upon Tyne City Council,North East,Solar Farm,Newcastle Solar Farm 2019,21 April 2019,14 September 2020,17/09/2021,94864000,122706000,27842000,17,17,,Completed,,Robertson Group,Mott MacDonald,100
PRJ-176,LA099,Bath and North East Somerset Council,South West,Cycle Lane,Bath Cycle Lane 2023,2023-10-12,"June 16, 2024",,35185000,51159000,15974000,20,40,20,Delayed,Supply chain delays,Skanska UK,Stantec,
PRJ-177,LA138,Scarborough Borough Council,Yorkshire and The Humber,Bridge Repair,Scarborough Bridge Repair 2019,"April 27, 2019",2023-10-15,,40159000,,,54,,1,Planning,Funding shortfall,Laing O'Rourke,Jacobs,9
PRJ-178,LA150,Hyndburn Borough Council,North West,Cycle Lane,Hyndburn Cycle Lane 2018,"November 24, 2018",17 March 2021,,29176000,36985000,7809000,40,51,11,Delayed,Supply chain delays,Skanska UK,Jacobs,55
PRJ-179,LA134,Rotherham Metropolitan Borough Council,Yorkshire and The Humber,Cycle Lane,Rotherham Cycle Lane 2023,"November 10, 2023",12/17/2025,,63110000,,,37,,2,Planning,Contractor issues,Kier Group,Turner & Townsend,15
PRJ-180,LA064,Oldham Metropolitan Borough Council,North West,Waste Processing Plant,Oldham Waste Processing Plant 2018,04/12/2018,23/11/2019,07/11/2020,"Ł77,811,000",79792000,1981000,19,19,,Completed,,Skanska UK,Capita,100
PRJ-181,LA218,Royal Borough of Kingston upon Thames,London,Solar Farm,Royal Solar Farm 2020,2020-12-24,03/07/2021,,78670000,106215000,27545000,15,27,12,Delayed,Funding shortfall,Amey,Jacobs,27
PRJ-182,LA110,Coventry City Council,West Midlands,Solar Farm,Coventry Solar Farm 2023,05/01/2023,11/11/2025,,31677000,,,34,,,Planning,,Wates Group,AECOM,14
PRJ-183,LA009,Wellingborough Borough Council,East Midlands,Housing Development,Wellingborough Housing Development 2023,2023-07-05,"April 8, 2025",2025-04-26,74235000,"Ł82,195,000",7960000,57,57,,Completed,,Mulalley,Atkins,100
PRJ-184,LA043,London Borough of Brent,London,Flood Defence,London Flood Defence 2018,21 October 2018,2019-01-19,,31215000,34884000,3669000,15,28,13,Ongoing,Weather disruption,Kier Group,Turner & Townsend,92
PRJ-185,LA086,Medway Council,South East,Cycle Lane,Medway Cycle Lane 2023,18 February 2023,13/07/2024,,22377000,33902000,11525000,17,35,18,Ongoing,Supply chain delays,Laing O'Rourke,Atkins,61
PRJ-186,LA146,South Ribble Borough Council,NW England,Park Regeneration,South Park Regeneration 2018,20/05/2018,03/03/2021,,27349000,,,46,,1,Planning,Design changes,Balfour Beatty,Capita,1
PRJ-187,LA143,Malvern Hills District Council,West Midlands,Waste Processing Plant,Malvern Waste Processing Plant 2022,1 October 2022,12/08/2023,,41905000,40949000,-956000,22,25,3,Delayed,Contractor issues,Kier Group,Arup,23
PRJ-188,LA016,Gedling Borough Council,East Midlands,Road Widening,Gedling Road Widening 2023,06/13/2023,"June 2, 2024",,"Ł11,356,000",11756000,400000,12,29,17,Ongoing,Design changes,Galliford Try,Capita,77
PRJ-189,LA020,Luton Borough Council,East of England,Park Regeneration,Luton Park Regeneration 2020,5 April 2020,2024-11-23,,85855000,,,55,,6,Planning,Planning disputes,Mace Group,Mott MacDonald,10
PRJ-190,LA118,Worcester City Council ,West Midlands,Cycle Lane,Worcester Cycle Lane 2018,2018-09-19,12 January 2022,01/18/2023,11833000,18277000,6444000,52,52,,Completed,,Balfour Beatty,AECOM,100
PRJ-191,LA139,Harrogate Borough Council,Yorkshire & Humber,Park Regeneration,Harrogate Park Regeneration 2022,12/24/2022,2 August 2023,,74709000,109513000,34804000,20,22,2,Delayed,Funding shortfall,Bowmer + Kirkland,Arcadis,20
PRJ-192,LA089,Eastbourne Borough Council,South east,Solar Farm,Eastbourne Solar Farm 2019,11/03/2019,27 April 2023,"April 10, 2024",48279000,68368000,20089000,53,53,,Completed,,Amey,AECOM,100
PRJ-193,LA028,Harlow District Council,East of England,Flood Defence,Harlow Flood Defence 2018,26/07/2018,01/08/2022,2023-08-01,29124000,43075000,13951000,49,49,,Completed,,Wates Group,Arup,100
PRJ-194,LA028,Harlow District Council,East of England,Road Widening,Harlow Road Widening 2019,13 August 2019,15 March 2023,,57429000,"Ł69,114,000",11685000,55,64,9,Ongoing,Weather disruption,Robertson Group,Turner & Townsend,71
PRJ-195,LA127,Bradford Metropolitan District Council,Yorkshire and The Humber,Cycle Lane,Bradford Cycle Lane 2023,08/10/2023,17 April 2025,,68150000,106402000,38252000,32,35,3,Ongoing,Weather disruption,Amey,Arcadis,63
PRJ-196,LA017,Norwich City Council,East Of England,Cycle Lane,Norwich Cycle Lane 2018,05/14/2018,15 December 2019,,48768000,58193000,9425000,19,24,5,Ongoing,Weather disruption,Morgan Sindall,Jacobs,63
PRJ-197,LA091,Worthing Borough Council,South East,Waste Processing Plant,Worthing Waste Processing Plant 2022,"October 20, 2022",01/12/2024,25/12/2025,79258000,"Ł79,336,000",78000,26,26,,Completed,,Seddon,Stantec,
PRJ-198,LA029,Stevenage Borough Council,East of England,Housing Development,Stevenage Housing Development 2022,05/13/2022,24/11/2022,,55332000,"Ł86,707,000",31375000,6,7,1,Delayed,Supply chain delays,Mulalley,Arcadis,13
PRJ-199,LA053,North Tyneside Metropolitan Borough Council,North East,Waste Processing Plant,North Waste Processing Plant 2023,24/12/2023,09/11/2025,,6400000,8996000,2596000,59,77,18,Delayed,Land acquisition,Wates Group,Turner & Townsend,39
PRJ-200,LA121,Lichfield District Council,West Midlands,Park Regeneration,Lichfield Park Regeneration 2022,07/12/2022,"December 7, 2023",,"Ł67,914,000",,,12,,4,Planning,Design changes,Seddon,AECOM,19
PRJ-201,LA114,Walsall Metropolitan Borough Council,West Midlands,Housing Development,Walsall Housing Development 2021,3 February 2021,05/10/2023,,36749000,38906000,2157000,27,44,17,Delayed,Weather disruption,Skanska UK,Mott MacDonald,10
PRJ-202,LA131,Calderdale Metropolitan Borough Council,Yorkshire and The Humber,Waste Processing Plant,Calderdale Waste Processing Plant 2020,26 May 2020,11/15/2022,16 November 2023,"Ł73,124,000",99391000,26267000,30,30,,Completed,,Skanska UK,Capita,100
PRJ-203,LA045,London Borough of Enfield,London,Waste Processing Plant,London Waste Processing Plant 2023,11/01/2023,2023-10-27,,"Ł94,007,000","Ł152,058,000",58051000,9,26,17,Delayed,Supply chain delays,Bowmer + Kirkland,Atkins,25
PRJ-204,LA046,Royal Borough of Kingston upon Thames,London,Digital Broadband Rollout,Royal Digital Broadband Rollout 2020,26 March 2020,26/08/2024,,70462000,"Ł75,711,000",5249000,53,70,17,Delayed,Land acquisition,Sir Robert McAlpine,Arup,40
PRJ-205,LA089,Eastbourne Borough Council,South East,Cycle Lane,Eastbourne Cycle Lane 2019,02/03/2019,2021-06-07,,"Ł82,676,000",97612000,14936000,27,41,14,Ongoing,Weather disruption,Kier Group,Arup,63
PRJ-206,LA107,Stroud District Council,South West,Solar Farm,Stroud Solar Farm 2018,28/09/2018,2018-05-24,,86249000,82141000,-4108000,8,17,9,Ongoing,Design changes,Morgan Sindall,Arup,97
PRJ-207,LA092,Crawley Borough Council,South East,Flood Defence,Crawley Flood Defence 2021,2021-03-01,2023-05-15,,20472000,32428000,11956000,26,28,2,Ongoing,Funding shortfall,Sir Robert McAlpine,Turner & Townsend,93
PRJ-208,LA147,Chorley Borough Council,North West,Waste Processing Plant,Chorley Waste Processing Plant 2018,10/15/2018,"December 13, 2022",,"Ł64,234,000","Ł89,311,000",25077000,50,58,8,Delayed,Design changes,Robertson Group,Turner & Townsend,70
PRJ-209,LA136,East Riding of Yorkshire Council,Yorkshire and The Humber,Cycle Lane,East Cycle Lane 2018,2018-10-22,23 May 2018,18/05/2019,71353000,90163000,18810000,7,7,,Completed,,Wates Group,Stantec,100
PRJ-210,LA134,Rotherham Metropolitan Borough Council,Yorkshire and The Humber,School Rebuild,Rotherham School Rebuild 2021,2021-04-16,01/14/2025,,36909000,36260000,-649000,57,64,7,Delayed,Community objection,Skanska UK,Jacobs,35
PRJ-211,LA054,Middlesbrough Council,North East,Park Regeneration,Middlesbrough Park Regeneration 2023,20/03/2023,6 December 2023,,34684000,51114000,16430000,9,29,20,Delayed,Weather disruption,Balfour Beatty,Arcadis,23
PRJ-212,LA094,Plymouth City Council,South West,Waste Processing Plant,Plymouth Waste Processing Plant 2023,09/07/2023,19/04/2024,,"Ł89,756,000",,,19,,4,Planning,Contractor issues,Costain,Turner & Townsend,16
PRJ-213,LA052,South Tyneside Metropolitan Borough Council,North East,Park Regeneration,South Park Regeneration 2020,"January 4, 2020",03/20/2022,,"Ł78,633,000",,,26,,1,Planning,Funding shortfall,Bowmer + Kirkland,Jacobs,3
PRJ-214,LA118,Worcester City Council,West Midlands,Housing Development,Worcester Housing Development 2022,2022-05-23,01/22/2025,17/01/2025,"Ł628,000",990000,362000,56,56,,Completed,,Balfour Beatty,AECOM,100
PRJ-215,LA067,Tameside Metropolitan Borough Council,NW England,Housing Development,Tameside Housing Development 2022,04/17/2022,"June 22, 2025",,54949000,58056000,3107000,38,38,,Delayed,,Wates Group,WSP,29
PRJ-216,LA077,Brighton and Hove City Council,South East,Solar Farm,Brighton Solar Farm 2018,2018-11-27,01/01/2022,,53294000,68332000,15038000,50,69,19,Ongoing,Land acquisition,Morgan Sindall,Stantec,
PRJ-217,LA101,Dorset Council,South West,Park Regeneration,Dorset Park Regeneration 2022,2022-02-07,01/14/2025,,18245000,25798000,7553000,59,79,20,Ongoing,Land acquisition,Mulalley,Turner & Townsend,-10
PRJ-218,LA075,Burnley Borough Council,North West,Waste Processing Plant,Burnley Waste Processing Plant 2023,2023-05-09,06/11/2024,,93612000,97432000,3820000,13,23,10,Delayed,Supply chain delays,Sir Robert McAlpine,Atkins,27
PRJ-219,LA057,Darlington Borough Council,North East,Flood Defence,Darlington Flood Defence 2021,10/23/2021,"February 17, 2024",2025-02-27,61853000,81057000,19204000,40,40,,Completed,,Galliford Try,Mott MacDonald,100
PRJ-220,LA091,Worthing Borough Council,SE England,Park Regeneration,Worthing Park Regeneration 2020,2020-10-27,04/08/2024,04/14/2025,76076000,114387000,38311000,54,54,,Completed,,Balfour Beatty,Arcadis,100
PRJ-221,LA143,Malvern Hills District Council,West Midlands,Park Regeneration,Malvern Park Regeneration 2019,20 March 2019,12/07/2023,12/03/2024,"Ł49,758,000",53033000,3275000,57,57,,Completed,,Skanska UK,Jacobs,100
PRJ-222,LA114,Walsall Metropolitan Borough Council,West Midlands,Rail Upgrade,Walsall Rail Upgrade 2023,"June 15, 2023",2024-04-18,,16002000,22419000,6417000,22,24,2,Ongoing,Community objection,Sir Robert McAlpine,Arup,
PRJ-223,LA101,Dorset Council,South West,School Rebuild,Dorset School Rebuild 2023,16/11/2023,12/07/2025,,"Ł92,646,000",115820000,23174000,25,37,12,Ongoing,Land acquisition,Bowmer + Kirkland,Atkins,87
PRJ-224,LA018,Ipswich Borough Council,East of England,Road Widening,Ipswich Road Widening 2021,7 December 2021,18 August 2023,,76266000,,,32,,,Planning,,Mace Group,Mott MacDonald,3
PRJ-225,LA132,Barnsley Metropolitan Borough Council,Yorkshire and The Humber,Park Regeneration,Barnsley Park Regeneration 2018,12 January 2018,06/11/2021,,79854000,79176000,-678000,46,46,,Delayed,,Wates Group,AECOM,28
PRJ-226,LA027,Basildon Borough Council,East Of England,School Rebuild,Basildon School Rebuild 2022,10/09/2022,2025-12-07,,"Ł46,363,000",,,51,,2,Planning,Land acquisition,Bowmer + Kirkland,Jacobs,16
PRJ-227,LA023,Thurrock Council,East of England ,Solar Farm,Thurrock Solar Farm 2019,2 October 2019,06/10/2022,,42245000,,,44,,1,Planning,Scope change,Skanska UK,WSP,0
PRJ-228,LA148,West Lancashire Borough Council,North West,Road Widening,West Road Widening 2022,2022-08-15,"May 27, 2025",17/05/2025,16193000,24560000,8367000,57,57,,Completed,,Mace Group,Arcadis,100
PRJ-229,LA077,Brighton and Hove City Council,South East,School Rebuild,Brighton School Rebuild 2022,02/03/2022,"July 20, 2025",8 July 2025,65108000,79653000,14545000,40,40,,Completed,,Amey,Capita,100
PRJ-230,LA034,London Borough of Camden,London,Flood Defence,London Flood Defence 2018,02/25/2018,17 December 2021,,"Ł23,156,000",24071000,915000,46,59,13,Ongoing,Planning disputes,Laing O'Rourke,WSP,95
PRJ-231,LA045,London Borough of Enfield,London,Housing Development,London Housing Development 2023,4 August 2023,18 March 2023,,39134000,,,7,,4,Planning,Funding shortfall,Skanska UK,Arcadis,13
PRJ-232,LA046,Royal Borough of Kingston upon Thames,London,Flood Defence,Royal Flood Defence 2022,12/25/2022,11/06/2025,,17835000,"Ł19,866,000",2031000,54,55,1,Ongoing,Contractor issues,Mulalley,Capita,78
PRJ-233,LA061,Manchester City Council,North West,School Rebuild,Manchester School Rebuild 2018,"November 16, 2018",09/18/2019,,11735000,16031000,4296000,22,35,13,Delayed,Land acquisition,Robertson Group,Arup,35
PRJ-234,LA003,Leicester City Council,East Midlands,Cycle Lane,Leicester Cycle Lane 2020,06/24/2020,09/05/2021,,16912000,,,23,,3,Planning,Land acquisition,Galliford Try,Mott MacDonald,3
PRJ-235,LA037,London Borough of Newham,London,Solar Farm,London Solar Farm 2023,01/20/2023,2025-02-10,,21745000,24896000,3151000,25,34,9,Ongoing,Community objection,Morgan Sindall,Mott MacDonald,99
PRJ-236,LA038,London Borough of Islington,London,Road Widening,London Road Widening 2023,"July 3, 2023",23/02/2025,,43256000,,,43,,3,Planning,Planning disputes,Amey,Atkins,18
PRJ-237,LA041,London Borough of Lewisham,Greater London,Solar Farm,London Solar Farm 2019,11 December 2019,2023-03-13,,94347000,103595000,9248000,51,63,12,Delayed,Design changes,Costain,Arup,37
PRJ-238,LA130,Kirklees Metropolitan Council,Yorkshire & Humber,Road Widening,Kirklees Road Widening 2022,2022-10-06,19/06/2025,,40194000,60273000,20079000,44,62,18,Ongoing,Land acquisition,Mace Group,WSP,70
PRJ-239,LA018,Ipswich Borough Council,East Of England,Solar Farm,Ipswich Solar Farm 2020,"March 18, 2020",07/04/2022,,"Ł17,645,000","Ł18,788,000",1143000,25,33,8,Delayed,Environmental assessment,Wates Group,Turner & Townsend,14
PRJ-240,LA123,Cannock Chase District Council,West Midlands,Hospital Expansion,Cannock Hospital Expansion 2020,18/03/2020,"December 2, 2020",12/05/2021,40165000,53579000,13414000,9,9,,Completed,,Mace Group,Capita,100
PRJ-241,LA213,Swindon Borough Council,South West,Bridge Repair,Swindon Bridge Repair 2022,"October 14, 2022",07/05/2025,,42123000,,,57,,,Planning,,Kier Group,Turner & Townsend,-10
PRJ-242,LA025,Colchester Borough Council,East of England,Rail Upgrade,Colchester Rail Upgrade 2023,2023-08-25,22/01/2024,,23298000,32492000,9194000,17,18,1,Delayed,Community objection,Galliford Try,Capita,
PRJ-243,LA073,Blackpool Borough Council,North West,Solar Farm,Blackpool Solar Farm 2020,2020-03-07,18 June 2022,,67537000,76498000,8961000,27,31,4,Delayed,Scope change,Galliford Try,Mott MacDonald,66
PRJ-244,LA107,Stroud District Council,South West,Cycle Lane,Stroud Cycle Lane 2019,5 May 2019,20/11/2020,,75934000,,,18,,2,Planning,Community objection,Kier Group,Arcadis,
PRJ-245,LA104,Somerset West and Taunton Council,South west,Solar Farm,Somerset Solar Farm 2020,01/03/2020,"August 8, 2024","August 18, 2025",94138000,97070000,2932000,55,55,,Completed,,Laing O'Rourke,Stantec,100
PRJ-246,LA021,Peterborough City Council,East of England,Hospital Expansion,Peterborough Hospital Expansion 2021,16 March 2021,27/09/2024,,"Ł68,554,000",67410000,-1144000,42,55,13,Ongoing,Funding shortfall,Laing O'Rourke,Atkins,92
PRJ-247,LA105,South Gloucestershire Council,South West,Road Widening,South Road Widening 2018,2018-01-23,07/01/2020,,16750000,,,24,,4,Planning,Planning disputes,Laing O'Rourke,WSP,4
PRJ-248,LA097,Cheltenham Borough Council,South West,Flood Defence,Cheltenham Flood Defence 2022,2022-10-26,08/15/2023,28/08/2024,48506000,57310000,8804000,22,22,,Completed,,Balfour Beatty,AECOM,100
PRJ-249,LA123,Cannock Chase District Council,West Midlands,School Rebuild,Cannock School Rebuild 2020,17 July 2020,"February 22, 2020",,"Ł49,405,000",53901000,4496000,7,24,17,Delayed,Weather disruption,Mace Group,Capita,44
PRJ-250,LA106,North Somerset Council,South West,Road Widening,North Road Widening 2023,1 November 2023,"March 22, 2025",,51867000,66211000,14344000,40,64,24,Ongoing,Environmental assessment,Galliford Try,Atkins,96
PRJ-251,LA044,London Borough of Harrow,Greater London,Housing Development,London Housing Development 2019,06/07/2019,10/02/2019,,"Ł57,537,000",,,8,,,Planning,,Mulalley,Capita,1
PRJ-252,LA025,Colchester Borough Council,East of England,Road Widening,Colchester Road Widening 2023,28 November 2023,2024-05-15,,37495000,41894000,4399000,18,28,10,Delayed,Land acquisition,Skanska UK,Stantec,36
PRJ-253,LA009,Wellingborough Borough Council,East midlands,Digital Broadband Rollout,Wellingborough Digital Broadband Rollout 2018,11/11/2018,24/11/2019,,89340000,,,12,,4,Planning,Planning disputes,Robertson Group,Jacobs,5
PRJ-254,LA041,London Borough of Lewisham,London,Waste Processing Plant,London Waste Processing Plant 2019,08/08/2019,26 January 2021,,67477000,70587000,3110000,29,45,16,Ongoing,Land acquisition,Morgan Sindall,WSP,61
PRJ-255,LA067,Tameside Metropolitan Borough Council,North West ,Hospital Expansion,Tameside Hospital Expansion 2020,06/27/2020,07/11/2023,,75047000,"Ł99,265,000",24218000,41,50,9,Delayed,Funding shortfall,Laing O'Rourke,Arcadis,34
PRJ-256,LA017,Norwich City Council,East of England,Hospital Expansion,Norwich Hospital Expansion 2022,25 January 2022,3 August 2025,,75102000,,,43,,2,Planning,Design changes,Balfour Beatty,Stantec,10
PRJ-257,LA026,Braintree District Council,East of England,Flood Defence,Braintree Flood Defence 2019,26 January 2019,2020-08-12,,5230000,,,19,,5,Planning,Funding shortfall,Costain,Arcadis,
PRJ-258,LA014,Newark and Sherwood District Council,East Midlands,Flood Defence,Newark Flood Defence 2023,09/03/2023,"July 19, 2024",,63646000,78462000,14816000,22,37,15,Ongoing,Funding shortfall,Amey,Atkins,88
PRJ-259,LA034,London Borough of Camden,LONDON,Bridge Repair,London Bridge Repair 2019,"October 12, 2019",18 September 2023,,72451000,91255000,18804000,59,74,15,Ongoing,Scope change,Laing O'Rourke,Jacobs,85
PRJ-260,LA030,Watford Borough Council,East of England,Solar Farm,Watford Solar Farm 2023,"December 5, 2023",2024-10-10,28 October 2025,24966000,"Ł35,684,000",10718000,22,22,,Completed,,Kier Group,Turner & Townsend,100
PRJ-261,LA124,Redditch Borough Council,West Midlands,Digital Broadband Rollout,Redditch Digital Broadband Rollout 2022,08/12/2022,07/10/2024,10/21/2025,22951000,36013000,13062000,34,34,,Completed,,Laing O'Rourke,Atkins,100
PRJ-262,LA016,Gedling Borough Council,East Midlands,Housing Development,Gedling Housing Development 2023,20/08/2023,6 January 2025,2025-01-18,65065000,102575000,37510000,41,41,,Completed,,Wates Group,Jacobs,100
PRJ-263,LA046,Royal Borough of Kingston upon Thames,London ,Rail Upgrade,Royal Rail Upgrade 2018,2018-07-16,8 July 2019,,"Ł39,317,000",,,12,,3,Planning,Design changes,Laing O'Rourke,Turner & Townsend,13
PRJ-264,LA020,Luton Borough Council,East of England,Park Regeneration,Luton Park Regeneration 2019,"February 22, 2019",2020-02-17,03/02/2021,3424000,5255000,1831000,12,12,,Completed,,Costain,Turner & Townsend,100
PRJ-265,LA099,Bath and North East Somerset Council,South West,Rail Upgrade,Bath Rail Upgrade 2020,28/11/2020,"July 26, 2020",,80387000,,,8,,,Planning,,Galliford Try,Atkins,10
PRJ-266,LA123,Cannock Chase District Council,West Midlands,Housing Development,Cannock Housing Development 2021,21 August 2021,05/01/2023,18/05/2024,66097000,"Ł64,327,000",-1770000,33,33,,Completed,,Mace Group,Turner & Townsend,100
PRJ-267,LA126,Sheffield City Council,Yorkshire and The Humber,Housing Development,Sheffield Housing Development 2020,25 October 2020,13 September 2021,,"Ł52,169,000",66427000,14258000,23,23,,Delayed,,Sir Robert McAlpine,Arcadis,29
PRJ-268,LA061,Manchester City Council,North West,Solar Farm,Manchester Solar Farm 2019,18 June 2019,13/04/2021,2022-04-02,"Ł3,210,000",5233000,2023000,34,34,,Completed,,Laing O'Rourke,Arup,100
PRJ-269,LA030,Watford Borough Council,East of England,Road Widening,Watford Road Widening 2023,23/05/2023,2 June 2025,2025-06-21,45755000,47339000,1584000,37,37,,Completed,,Amey,Jacobs,100
PRJ-270,LA143,Malvern Hills District Council,West Midlands,Bridge Repair,Malvern Bridge Repair 2021,25/01/2021,13/03/2025,,"Ł13,039,000",18567000,5528000,50,53,3,Delayed,Weather disruption,Laing O'Rourke,Atkins,56
PRJ-271,LA017,Norwich City Council,Eastern England,Digital Broadband Rollout,Norwich Digital Broadband Rollout 2023,10/27/2023,02/08/2025,,17672000,26966000,9294000,52,66,14,Delayed,Community objection,Sir Robert McAlpine,Jacobs,13
PRJ-272,LA137,North Yorkshire County Council,Yorkshire and The Humber,Hospital Expansion,North Hospital Expansion 2018,02/21/2018,"August 4, 2019",,45474000,,,18,,3,Planning,Land acquisition,Morgan Sindall,Arcadis,4
PRJ-273,LA057,Darlington Borough Council,North East,Bridge Repair,Darlington Bridge Repair 2023,05/01/2023,19/01/2025,,93192000,126161000,32969000,44,67,23,Delayed,Design changes,Galliford Try,Stantec,55
PRJ-274,LA038,London Borough of Islington,London,Digital Broadband Rollout,London Digital Broadband Rollout 2023,"May 15, 2023",18 October 2025,,47118000,62511000,15393000,53,69,16,Ongoing,Design changes,Mace Group,Atkins,67
PRJ-275,LA083,Oxford City Council,South East,School Rebuild,Oxford School Rebuild 2018,26/04/2018,2022-09-04,,"Ł25,204,000",,,53,,,Planning,,Robertson Group,Stantec,20
PRJ-276,LA005,Chesterfield Borough Council,East Midlands,School Rebuild,Chesterfield School Rebuild 2020,14 August 2020,2020-05-15,"May 19, 2021",19614000,30518000,10904000,9,9,,Completed,,Bowmer + Kirkland,Jacobs,150
PRJ-277,LA111,Wolverhampton City Council,West Midlands ,Road Widening,Wolverhampton Road Widening 2018,21/10/2018,23/04/2019,,"Ł65,046,000",93242000,28196000,18,25,7,Delayed,Planning disputes,Laing O'Rourke,Stantec,41
PRJ-278,LA079,Portsmouth City Council,South East,Housing Development,Portsmouth Housing Development 2022,19/02/2022,"October 25, 2022",,68749000,101638000,32889000,8,29,21,Delayed,Weather disruption,Seddon,Atkins,46
PRJ-279,LA240,Harlow District Council,East of England,Cycle Lane,Harlow Cycle Lane 2019,09/26/2019,18 February 2021,,22805000,37318000,14513000,29,48,19,Ongoing,Planning disputes,Wates Group,Turner & Townsend,96
PRJ-280,LA103,Torbay Council,South West,Hospital Expansion,Torbay Hospital Expansion 2023,15 December 2023,09/12/2024,,88426000,106149000,17723000,12,27,15,Delayed,Weather disruption,Balfour Beatty,Jacobs,17
PRJ-281,LA089,Eastbourne Borough Council,South East,School Rebuild,Eastbourne School Rebuild 2019,08/27/2019,6 June 2020,23/06/2021,"Ł32,743,000",33571000,828000,22,22,,Completed,,Seddon,Stantec,100
PRJ-282,LA117,Telford and Wrekin Council,West Midlands,Digital Broadband Rollout,Telford Digital Broadband Rollout 2021,04/11/2021,2022-12-20,,"Ł94,182,000",,,13,,6,Planning,Land acquisition,Morgan Sindall,Jacobs,
PRJ-283,LA077,Brighton and Hove City Council,South East,Flood Defence,Brighton Flood Defence 2023,15/01/2023,12/08/2024,2025-12-19,51401000,81047000,29646000,23,23,,Completed,,Seddon,Arcadis,100
PRJ-284,LA100,Wiltshire Council,South West,Road Widening,Wiltshire Road Widening 2023,24 August 2023,27 April 2025,,"Ł13,747,000",,,32,,1,Planning,Scope change,Kier Group,Mott MacDonald,15
PRJ-285,LA090,Hastings Borough Council,South East,Housing Development,Hastings Housing Development 2019,2019-06-14,07/12/2022,2023-07-19,82658000,107797000,25139000,37,37,,COMPLETED,,Sir Robert McAlpine,Capita,100
PRJ-286,LA044,London Borough of Harrow,London ,Park Regeneration,London Park Regeneration 2023,05/05/2023,02/23/2025,,"Ł7,531,000",,,45,,6,Planning,Weather disruption,Seddon,Atkins,18
PRJ-287,LA132,Barnsley Metropolitan Borough Council,Yorkshire and The Humber,Rail Upgrade,Barnsley Rail Upgrade 2018,2018-04-28,15 April 2019,2020-04-07,46046000,60890000,14844000,12,12,,Completed,,Mace Group,Stantec,100
PRJ-288,LA140,Selby District Council,Yorkshire and The Humber,Cycle Lane,Selby Cycle Lane 2019,22 August 2019,24/04/2020,,63946000,96458000,32512000,20,37,17,Delayed,Environmental assessment,Sir Robert McAlpine,Stantec,19
PRJ-289,LA016,Gedling Borough Council,East Midlands ,Solar Farm,Gedling Solar Farm 2021,23/03/2021,04/26/2022,,"Ł56,034,000",63840000,7806000,13,21,8,Delayed,Design changes,Seddon,Stantec,43
PRJ-290,LA035,London Borough of Hackney,London,Flood Defence,London Flood Defence 2020,2020-12-24,11/27/2022,,32770000,"Ł53,024,000",20254000,35,56,21,Ongoing,Community objection,Mace Group,AECOM,63
PRJ-291,LA136,East Riding of Yorkshire Council,Yorkshire and The Humber,Solar Farm,East Solar Farm 2023,12/03/2023,6 January 2025,08/01/2025,22931000,23748000,817000,46,46,,Completed,,Robertson Group,Arup,100
PRJ-292,LA111,Wolverhampton City Council,West Midlands,Hospital Expansion,Wolverhampton Hospital Expansion 2020,01/02/2020,"August 28, 2022",,77948000,,,30,,3,Planning,Weather disruption,Mulalley,WSP,18
PRJ-293,LA102,Cornwall Council,South West,Solar Farm,Cornwall Solar Farm 2020,04/18/2020,01/05/2021,,40992000,48806000,7814000,21,37,16,Ongoing,Design changes,Amey,Capita,77
PRJ-294,LA092,Crawley Borough Council,SE England,Solar Farm,Crawley Solar Farm 2018,2018-08-28,24 December 2021,,"Ł85,317,000",102386000,17069000,40,44,4,Ongoing,Design changes,Seddon,Arup,77
PRJ-295,LA018,Ipswich Borough Council,East of England,Digital Broadband Rollout,Ipswich Digital Broadband Rollout 2019,02/24/2019,"January 12, 2021",,94086000,121928000,27842000,35,36,1,Ongoing,Contractor issues,Seddon,Arcadis,80
PRJ-296,LA062,Liverpool City Council,North West,Hospital Expansion,Liverpool Hospital Expansion 2020,07/24/2020,12/08/2024,,81940000,112308000,30368000,53,73,20,Ongoing,Environmental assessment,Laing O'Rourke,Stantec,83
PRJ-297,LA096,Gloucester City Council,South West,Hospital Expansion,Gloucester Hospital Expansion 2021,"December 12, 2021",10/27/2021,,25970000,"Ł30,420,000",4450000,10,19,9,Delayed,Planning disputes,Skanska UK,Capita,28
PRJ-298,LA034,London Borough of Camden,London,Bridge Repair,London Bridge Repair 2019,06/20/2019,2020-06-22,,"Ł74,058,000",115539000,41481000,12,17,5,Delayed,Community objection,Costain,Stantec,30
PRJ-299,LA082,Milton Keynes Council,South East,Road Widening,Milton Road Widening 2018,"December 17, 2018",26/12/2020,,7568000,9801000,2233000,24,40,16,Ongoing,Planning disputes,Robertson Group,Jacobs,89
PRJ-300,LA237,Derby City Council,East Midlands ,Housing Development,Derby Housing Development 2023,"August 3, 2023",09/05/2024,,33860000,,,21,,6,Planning,Planning disputes,Amey,Mott MacDonald,14
